Aube|1|0|387_GG_TA_38|Hôtel-dieu (TROYES)|1587 - 1670|Décès|126|https://www.archives-aube.fr/_recherche-images/download/396803/image/66701/0/full/max/0/default.jpg
Aube|1|1|387_GG_TA_01|Hôtel-dieu (TROYES)|1601 - 1610|Baptême|180|https://www.archives-aube.fr/_recherche-images/download/396143/image/66135/0/full/max/0/default.jpg
Aube|1|2|387_GG_01_01|Hôtel-dieu (TROYES)|1602 - 1665|Baptême|46|https://www.archives-aube.fr/_recherche-images/download/275706/image/28788/0/full/max/0/default.jpg
Aube|1|3|387_GG_TA_22|Hôtel-dieu (TROYES)|1608 - 1660|Mariage|82|https://www.archives-aube.fr/_recherche-images/download/396468/image/66460/0/full/max/0/default.jpg
Aube|1|4|387_GG_TA_02|Hôtel-dieu (TROYES)|1611 - 1620|Baptême|125|https://www.archives-aube.fr/_recherche-images/download/396160/image/66152/0/full/max/0/default.jpg
Aube|1|5|387_GG_TA_03|Hôtel-dieu (TROYES)|1621 - 1630|Baptême|176|https://www.archives-aube.fr/_recherche-images/download/396177/image/66169/0/full/max/0/default.jpg
Aube|1|6|387_GG_TA_04|Hôtel-dieu (TROYES)|1631 - 1640|Baptême|184|https://www.archives-aube.fr/_recherche-images/download/396194/image/66186/0/full/max/0/default.jpg
Aube|1|7|387_GG_TA_05|Hôtel-dieu (TROYES)|1641 - 1650|Baptême|198|https://www.archives-aube.fr/_recherche-images/download/396211/image/66203/0/full/max/0/default.jpg
Aube|1|8|387_GG_TA_06|Hôtel-dieu (TROYES)|1651 - 1660|Baptême|175|https://www.archives-aube.fr/_recherche-images/download/396228/image/66220/0/full/max/0/default.jpg
Aube|1|9|387_GG_TA_07|Hôtel-dieu (TROYES)|1661 - 1670|Baptême|191|https://www.archives-aube.fr/_recherche-images/download/396245/image/66237/0/full/max/0/default.jpg
Aube|1|10|387_GG_TA_23|Hôtel-dieu (TROYES)|1661 - 1670|Mariage|50|https://www.archives-aube.fr/_recherche-images/download/396485/image/66477/0/full/max/0/default.jpg
Aube|1|11|387_GG_01_02|Hôtel-dieu (TROYES)|1668 - 1668|Baptême_Sépulture|30|https://www.archives-aube.fr/_recherche-images/download/275708/image/28789/0/full/max/0/default.jpg
Aube|1|12|387_GG_01_02bis|Hôtel-dieu (TROYES)|1668 - 1668|Baptême_Sépulture|30|https://www.archives-aube.fr/_recherche-images/download/275709/image/28790/0/full/max/0/default.jpg
Aube|1|13|387_GG_01_03|Hôtel-dieu (TROYES)|1669 - 1672|Baptême_Sépulture|61|https://www.archives-aube.fr/_recherche-images/download/275710/image/28791/0/full/max/0/default.jpg
Aube|1|14|387_GG_01_03bis|Hôtel-dieu (TROYES)|1669 - 1672|Baptême_Sépulture|60|https://www.archives-aube.fr/_recherche-images/download/275711/image/28792/0/full/max/0/default.jpg
Aube|1|15|387_GG_TA_08|Hôtel-dieu (TROYES)|1671 - 1680|Baptême|174|https://www.archives-aube.fr/_recherche-images/download/396262/image/66254/0/full/max/0/default.jpg
Aube|1|16|387_GG_TA_24|Hôtel-dieu (TROYES)|1671 - 1680|Mariage|33|https://www.archives-aube.fr/_recherche-images/download/396596/image/66494/0/full/max/0/default.jpg
Aube|1|17|387_GG_TA_39|Hôtel-dieu (TROYES)|1671 - 1680|Décès|148|https://www.archives-aube.fr/_recherche-images/download/396820/image/66718/0/full/max/0/default.jpg
Aube|1|18|387_GG_01_04|Hôtel-dieu (TROYES)|1673 - 1675|Baptême_Sépulture|39|https://www.archives-aube.fr/_recherche-images/download/275712/image/28793/0/full/max/0/default.jpg
Aube|1|19|387_GG_01_05|Hôtel-dieu (TROYES)|1673 - 1674|Baptême_Sépulture|33|https://www.archives-aube.fr/_recherche-images/download/275713/image/28794/0/full/max/0/default.jpg
Aube|1|20|387_GG_01_06|Hôtel-dieu (TROYES)|1675 - 1675|Baptême_Sépulture|40|https://www.archives-aube.fr/_recherche-images/download/275714/image/28795/0/full/max/0/default.jpg
Aube|1|21|387_GG_01_07|Hôtel-dieu (TROYES)|1676 - 1676|Sépulture|16|https://www.archives-aube.fr/_recherche-images/download/275716/image/28796/0/full/max/0/default.jpg
Aube|1|22|387_GG_01_07bis|Hôtel-dieu (TROYES)|1676 - 1676|Sépulture|16|https://www.archives-aube.fr/_recherche-images/download/275717/image/28797/0/full/max/0/default.jpg
Aube|1|23|387_GG_01_08|Hôtel-dieu (TROYES)|1681 - 1683|Baptême_Sépulture|29|https://www.archives-aube.fr/_recherche-images/download/275718/image/28798/0/full/max/0/default.jpg
Aube|1|24|387_GG_01_08bis|Hôtel-dieu (TROYES)|1681 - 1681|Baptême_Sépulture|16|https://www.archives-aube.fr/_recherche-images/download/275719/image/28799/0/full/max/0/default.jpg
Aube|1|25|387_GG_TA_09|Hôtel-dieu (TROYES)|1681 - 1690|Baptême|155|https://www.archives-aube.fr/_recherche-images/download/396279/image/66271/0/full/max/0/default.jpg
Aube|1|26|387_GG_TA_25|Hôtel-dieu (TROYES)|1681 - 1690|Mariage|40|https://www.archives-aube.fr/_recherche-images/download/396613/image/66511/0/full/max/0/default.jpg
Aube|1|27|387_GG_TA_40|Hôtel-dieu (TROYES)|1681 - 1690|Décès|126|https://www.archives-aube.fr/_recherche-images/download/396837/image/66735/0/full/max/0/default.jpg
Aube|1|28|387_GG_01_09|Hôtel-dieu (TROYES)|1684 - 1686|Baptême_Sépulture|31|https://www.archives-aube.fr/_recherche-images/download/275720/image/28800/0/full/max/0/default.jpg
Aube|1|29|387_GG_01_10|Hôtel-dieu (TROYES)|1692 - 1690|Sépulture|35|https://www.archives-aube.fr/_recherche-images/download/275721/image/28801/0/full/max/0/default.jpg
Aube|1|30|387_GG_01_11|Hôtel-dieu (TROYES)|1691 - 1693|Sépulture|24|https://www.archives-aube.fr/_recherche-images/download/275722/image/28802/0/full/max/0/default.jpg
Aube|1|31|387_GG_TA_10|Hôtel-dieu (TROYES)|1691 - 1700|Baptême|141|https://www.archives-aube.fr/_recherche-images/download/396296/image/66288/0/full/max/0/default.jpg
Aube|1|32|387_GG_TA_26|Hôtel-dieu (TROYES)|1691 - 1700|Mariage|37|https://www.archives-aube.fr/_recherche-images/download/396630/image/66528/0/full/max/0/default.jpg
Aube|1|33|387_GG_TA_41|Hôtel-dieu (TROYES)|1691 - 1700|Décès|154|https://www.archives-aube.fr/_recherche-images/download/396854/image/66752/0/full/max/0/default.jpg
Aube|1|34|387_GG_01_12|Hôtel-dieu (TROYES)|1693 - 1696|Baptême_Sépulture|55|https://www.archives-aube.fr/_recherche-images/download/275723/image/28803/0/full/max/0/default.jpg
Aube|1|35|387_GG_01_13|Hôtel-dieu (TROYES)|1696 - 1724|Sépulture|184|https://www.archives-aube.fr/_recherche-images/download/275724/image/28804/0/full/max/0/default.jpg
Aube|1|36|387_GG_01_27|Hôtel-dieu (TROYES)|1701 - 1748|Sépulture|189|https://www.archives-aube.fr/_recherche-images/download/275739/image/28818/0/full/max/0/default.jpg
Aube|1|37|387_GG_TA_11|Hôtel-dieu (TROYES)|1701 - 1710|Baptême|146|https://www.archives-aube.fr/_recherche-images/download/396313/image/66305/0/full/max/0/default.jpg
Aube|1|38|387_GG_TA_27|Hôtel-dieu (TROYES)|1701 - 1710|Mariage|39|https://www.archives-aube.fr/_recherche-images/download/396647/image/66545/0/full/max/0/default.jpg
Aube|1|39|387_GG_TA_42|Hôtel-dieu (TROYES)|1701 - 1710|Décès|160|https://www.archives-aube.fr/_recherche-images/download/396871/image/66769/0/full/max/0/default.jpg
Aube|1|40|387_GG_01_29|Hôtel-dieu (TROYES)|1703- 1792|Baptême_Mariage_Sépulture|73|https://www.archives-aube.fr/_recherche-images/download/275741/image/28820/0/full/max/0/default.jpg
Aube|1|41|387_GG_TA_12|Hôtel-dieu (TROYES)|1711 - 1720|Baptême|118|https://www.archives-aube.fr/_recherche-images/download/396330/image/66322/0/full/max/0/default.jpg
Aube|1|42|387_GG_TA_28|Hôtel-dieu (TROYES)|1711 - 1720|Mariage|37|https://www.archives-aube.fr/_recherche-images/download/396664/image/66562/0/full/max/0/default.jpg
Aube|1|43|387_GG_TA_43|Hôtel-dieu (TROYES)|1711 - 1720|Décès|129|https://www.archives-aube.fr/_recherche-images/download/396888/image/66786/0/full/max/0/default.jpg
Aube|1|44|387_GG_TA_13|Hôtel-dieu (TROYES)|1721 - 1731|Baptême|135|https://www.archives-aube.fr/_recherche-images/download/396347/image/66339/0/full/max/0/default.jpg
Aube|1|45|387_GG_TA_29|Hôtel-dieu (TROYES)|1721 - 1730|Mariage|36|https://www.archives-aube.fr/_recherche-images/download/396681/image/66579/0/full/max/0/default.jpg
Aube|1|46|387_GG_TA_44|Hôtel-dieu (TROYES)|1721 - 1730|Décès|136|https://www.archives-aube.fr/_recherche-images/download/396905/image/66803/0/full/max/0/default.jpg
Aube|1|47|387_GG_01_19|Hôtel-dieu (TROYES)|1724 - 1750|Sépulture|95|https://www.archives-aube.fr/_recherche-images/download/275731/image/28810/0/full/max/0/default.jpg
Aube|1|48|387_GG_TA_14|Hôtel-dieu (TROYES)|1731 - 1740|Baptême|140|https://www.archives-aube.fr/_recherche-images/download/396364/image/66356/0/full/max/0/default.jpg
Aube|1|49|387_GG_TA_30|Hôtel-dieu (TROYES)|1731 - 1740|Mariage|33|https://www.archives-aube.fr/_recherche-images/download/396698/image/66596/0/full/max/0/default.jpg
Aube|1|50|387_GG_TA_45|Hôtel-dieu (TROYES)|1731 - 1740|Décès|142|https://www.archives-aube.fr/_recherche-images/download/396922/image/66820/0/full/max/0/default.jpg
Aube|1|51|387_GG_01_28|Hôtel-dieu (TROYES)|1792 - 1735|Sépulture|120|https://www.archives-aube.fr/_recherche-images/download/275740/image/28819/0/full/max/0/default.jpg
Aube|1|52|387_GG_01_14|Hôtel-dieu (TROYES)|1737 - 1737|Baptême_Sépulture|18|https://www.archives-aube.fr/_recherche-images/download/275725/image/28805/0/full/max/0/default.jpg
Aube|1|53|387_GG_01_15|Hôtel-dieu (TROYES)|1738 - 1738|Baptême_Sépulture|25|https://www.archives-aube.fr/_recherche-images/download/275726/image/28806/0/full/max/0/default.jpg
Aube|1|54|387_GG_01_17|Hôtel-dieu (TROYES)|1740 - 1741|Baptême_Sépulture|45|https://www.archives-aube.fr/_recherche-images/download/275728/image/28808/0/full/max/0/default.jpg
Aube|1|55|387_GG_TA_15|Hôtel-dieu (TROYES)|1741 - 1750|Baptême|139|https://www.archives-aube.fr/_recherche-images/download/396381/image/66373/0/full/max/0/default.jpg
Aube|1|56|387_GG_TA_31|Hôtel-dieu (TROYES)|1741 - 1750|Mariage|43|https://www.archives-aube.fr/_recherche-images/download/396715/image/66613/0/full/max/0/default.jpg
Aube|1|57|387_GG_TA_46|Hôtel-dieu (TROYES)|1741 - 1750|Décès|147|https://www.archives-aube.fr/_recherche-images/download/396939/image/66837/0/full/max/0/default.jpg
Aube|1|58|387_GG_01_18|Hôtel-dieu (TROYES)|1742 - 1744|Baptême_Mariage_Sépulture|58|https://www.archives-aube.fr/_recherche-images/download/275730/image/28809/0/full/max/0/default.jpg
Aube|1|59|387_GG_01_20|Hôtel-dieu (TROYES)|1745 - 1759|Baptême_Sépulture|283|https://www.archives-aube.fr/_recherche-images/download/275732/image/28811/0/full/max/0/default.jpg
Aube|1|60|387_GG_TA_16|Hôtel-dieu (TROYES)|1751 - 1760|Baptême|149|https://www.archives-aube.fr/_recherche-images/download/396398/image/66390/0/full/max/0/default.jpg
Aube|1|61|387_GG_TA_32|Hôtel-dieu (TROYES)|1751 - 1760|Mariage|44|https://www.archives-aube.fr/_recherche-images/download/396732/image/66630/0/full/max/0/default.jpg
Aube|1|62|387_GG_TA_47|Hôtel-dieu (TROYES)|1751 - 1760|Décès|143|https://www.archives-aube.fr/_recherche-images/download/396956/image/66854/0/full/max/0/default.jpg
Aube|1|63|387_GG_01_21|Hôtel-dieu (TROYES)|1759 - 1768|Baptême_Sépulture|263|https://www.archives-aube.fr/_recherche-images/download/275733/image/28812/0/full/max/0/default.jpg
Aube|1|64|387_GG_TA_17|Hôtel-dieu (TROYES)|1761 - 1770|Baptême|141|https://www.archives-aube.fr/_recherche-images/download/396415/image/66407/0/full/max/0/default.jpg
Aube|1|65|387_GG_TA_33|Hôtel-dieu (TROYES)|1761 - 1770|Mariage|43|https://www.archives-aube.fr/_recherche-images/download/396749/image/66647/0/full/max/0/default.jpg
Aube|1|66|387_GG_TA_48|Hôtel-dieu (TROYES)|1761 - 1770|Décès|121|https://www.archives-aube.fr/_recherche-images/download/396973/image/66871/0/full/max/0/default.jpg
Aube|1|67|387_GG_01_22|Hôtel-dieu (TROYES)|1769 - 1774|Baptême_Sépulture|240|https://www.archives-aube.fr/_recherche-images/download/275734/image/28813/0/full/max/0/default.jpg
Aube|1|68|387_GG_TA_18|Hôtel-dieu (TROYES)|1771 - 1780|Baptême|200|https://www.archives-aube.fr/_recherche-images/download/396432/image/66424/0/full/max/0/default.jpg
Aube|1|69|387_GG_TA_34|Hôtel-dieu (TROYES)|1771 - 1780|Mariage|55|https://www.archives-aube.fr/_recherche-images/download/396766/image/66664/0/full/max/0/default.jpg
Aube|1|70|387_GG_TA_49|Hôtel-dieu (TROYES)|1771 - 1780|Décès|148|https://www.archives-aube.fr/_recherche-images/download/396990/image/66888/0/full/max/0/default.jpg
Aube|1|71|387_GG_01_23|Hôtel-dieu (TROYES)|1775 - 1781|Baptême_Sépulture|201|https://www.archives-aube.fr/_recherche-images/download/275735/image/28814/0/full/max/0/default.jpg
Aube|1|72|387_GG_TA_19|Hôtel-dieu (TROYES)|1781 - 1792|Naissance|254|https://www.archives-aube.fr/_recherche-images/download/396449/image/66441/0/full/max/0/default.jpg
Aube|1|73|387_GG_TA_35|Hôtel-dieu (TROYES)|1781 - 1792|Mariage|64|https://www.archives-aube.fr/_recherche-images/download/396783/image/66681/0/full/max/0/default.jpg
Aube|1|74|387_GG_TA_50|Hôtel-dieu (TROYES)|1781 - 1792|Décès|195|https://www.archives-aube.fr/_recherche-images/download/397007/image/66905/0/full/max/0/default.jpg
Aube|1|75|387_GG_01_24|Hôtel-dieu (TROYES)|1782 - 1787|Baptême_Mariage_Sépulture|205|https://www.archives-aube.fr/_recherche-images/download/275736/image/28815/0/full/max/0/default.jpg
Aube|1|76|387_GG_01_25|Hôtel-dieu (TROYES)|1788 - 1792|Baptême_Mariage_Sépulture|195|https://www.archives-aube.fr/_recherche-images/download/275737/image/28816/0/full/max/0/default.jpg
Aube|1|77|387_GG_TA_38|Saint-Aventin (TROYES)|1587 - 1670|Décès|126|https://www.archives-aube.fr/_recherche-images/download/396804/image/66702/0/full/max/0/default.jpg
Aube|1|78|387_GG_02_01|Saint-Aventin (TROYES)|1590 - 1604|Baptême_Sépulture|116|https://www.archives-aube.fr/_recherche-images/download/275742/image/28821/0/full/max/0/default.jpg
Aube|1|79|387_GG_TA_01|Saint-Aventin (TROYES)|1601 - 1610|Baptême|180|https://www.archives-aube.fr/_recherche-images/download/396144/image/66136/0/full/max/0/default.jpg
Aube|1|80|387_GG_02_02|Saint-Aventin (TROYES)|1604 - 1620|Baptême|125|https://www.archives-aube.fr/_recherche-images/download/275743/image/28822/0/full/max/0/default.jpg
Aube|1|81|387_GG_TA_22|Saint-Aventin (TROYES)|1608 - 1660|Mariage|82|https://www.archives-aube.fr/_recherche-images/download/396469/image/66461/0/full/max/0/default.jpg
Aube|1|82|387_GG_TA_02|Saint-Aventin (TROYES)|1611 - 1620|Baptême|125|https://www.archives-aube.fr/_recherche-images/download/396161/image/66153/0/full/max/0/default.jpg
Aube|1|83|387_GG_TA_03|Saint-Aventin (TROYES)|1611 - 1620|Baptême|176|https://www.archives-aube.fr/_recherche-images/download/396178/image/66170/0/full/max/0/default.jpg
Aube|1|84|387_GG_02_03|Saint-Aventin (TROYES)|1620 - 1642|Baptême_Sépulture|123|https://www.archives-aube.fr/_recherche-images/download/275744/image/28823/0/full/max/0/default.jpg
Aube|1|85|387_GG_TA_04|Saint-Aventin (TROYES)|1631 - 1640|Baptême|184|https://www.archives-aube.fr/_recherche-images/download/396195/image/66187/0/full/max/0/default.jpg
Aube|1|86|387_GG_TA_05|Saint-Aventin (TROYES)|1641 - 1650|Baptême|198|https://www.archives-aube.fr/_recherche-images/download/396212/image/66204/0/full/max/0/default.jpg
Aube|1|87|387_GG_TA_06|Saint-Aventin (TROYES)|1651 - 1660|Baptême|175|https://www.archives-aube.fr/_recherche-images/download/396229/image/66221/0/full/max/0/default.jpg
Aube|1|88|387_GG_TA_07|Saint-Aventin (TROYES)|1661 - 1670|Baptême|191|https://www.archives-aube.fr/_recherche-images/download/396246/image/66238/0/full/max/0/default.jpg
Aube|1|89|387_GG_TA_23|Saint-Aventin (TROYES)|1661 - 1670|Mariage|50|https://www.archives-aube.fr/_recherche-images/download/396486/image/66478/0/full/max/0/default.jpg
Aube|1|90|387_GG_02_28bis|Saint-Aventin (TROYES)|1668 - 1714|Table alphabétique|42|https://www.archives-aube.fr/_recherche-images/download/397092/image/66990/0/full/max/0/default.jpg
Aube|1|91|387_GG_02_06|Saint-Aventin (TROYES)|1670 - 1672|Baptême_Mariage_Sépulture|65|https://www.archives-aube.fr/_recherche-images/download/275749/image/28826/0/full/max/0/default.jpg
Aube|1|92|387_GG_TA_08|Saint-Aventin (TROYES)|1671 - 1680|Baptême|174|https://www.archives-aube.fr/_recherche-images/download/396263/image/66255/0/full/max/0/default.jpg
Aube|1|93|387_GG_TA_24|Saint-Aventin (TROYES)|1671 - 1680|Mariage|33|https://www.archives-aube.fr/_recherche-images/download/396597/image/66495/0/full/max/0/default.jpg
Aube|1|94|387_GG_TA_39|Saint-Aventin (TROYES)|1671 - 1680|Décès|148|https://www.archives-aube.fr/_recherche-images/download/396821/image/66719/0/full/max/0/default.jpg
Aube|1|95|387_GG_02_07|Saint-Aventin (TROYES)|1673 - 1673|Baptême_Mariage_Sépulture|24|https://www.archives-aube.fr/_recherche-images/download/275750/image/28827/0/full/max/0/default.jpg
Aube|1|96|387_GG_02_08|Saint-Aventin (TROYES)|1674 - 1674|Baptême_Mariage_Sépulture|25|https://www.archives-aube.fr/_recherche-images/download/275751/image/28828/0/full/max/0/default.jpg
Aube|1|97|387_GG_02_09|Saint-Aventin (TROYES)|1675 - 1736|Baptême_Mariage_Sépulture|27|https://www.archives-aube.fr/_recherche-images/download/275753/image/28829/0/full/max/0/default.jpg
Aube|1|98|387_GG_02_10|Saint-Aventin (TROYES)|1676 - 1676|Baptême_Mariage_Sépulture|15|https://www.archives-aube.fr/_recherche-images/download/275754/image/28830/0/full/max/0/default.jpg
Aube|1|99|387_GG_02_11|Saint-Aventin (TROYES)|1677 - 1678|Baptême_Mariage_Sépulture|20|https://www.archives-aube.fr/_recherche-images/download/275755/image/28831/0/full/max/0/default.jpg
Aube|2|0|387_GG_02_12|Saint-Aventin (TROYES)|1678 - 1679|Baptême_Mariage_Sépulture|23|https://www.archives-aube.fr/_recherche-images/download/275756/image/28832/0/full/max/0/default.jpg
Aube|2|1|387_GG_02_13|Saint-Aventin (TROYES)|1680 - 1680|Baptême_Mariage_Sépulture|15|https://www.archives-aube.fr/_recherche-images/download/275757/image/28833/0/full/max/0/default.jpg
Aube|2|2|387_GG_02_14|Saint-Aventin (TROYES)|1681 - 1681|Baptême_Mariage_Sépulture|15|https://www.archives-aube.fr/_recherche-images/download/275758/image/28834/0/full/max/0/default.jpg
Aube|2|3|387_GG_TA_09|Saint-Aventin (TROYES)|1681 - 1690|Baptême|155|https://www.archives-aube.fr/_recherche-images/download/396280/image/66272/0/full/max/0/default.jpg
Aube|2|4|387_GG_TA_25|Saint-Aventin (TROYES)|1681 - 1690|Mariage|40|https://www.archives-aube.fr/_recherche-images/download/396614/image/66512/0/full/max/0/default.jpg
Aube|2|5|387_GG_TA_40|Saint-Aventin (TROYES)|1681 - 1690|Décès|126|https://www.archives-aube.fr/_recherche-images/download/396838/image/66736/0/full/max/0/default.jpg
Aube|2|6|387_GG_02_15|Saint-Aventin (TROYES)|1682 - 1684|Baptême_Mariage_Sépulture|29|https://www.archives-aube.fr/_recherche-images/download/275759/image/28835/0/full/max/0/default.jpg
Aube|2|7|387_GG_02_16|Saint-Aventin (TROYES)|1684 - 1686|Baptême_Mariage_Sépulture|19|https://www.archives-aube.fr/_recherche-images/download/275760/image/28836/0/full/max/0/default.jpg
Aube|2|8|387_GG_02_17|Saint-Aventin (TROYES)|1686 - 1687|Baptême_Mariage_Sépulture|15|https://www.archives-aube.fr/_recherche-images/download/275761/image/28837/0/full/max/0/default.jpg
Aube|2|9|387_GG_02_18|Saint-Aventin (TROYES)|1687 - 1688|Baptême_Mariage_Sépulture|11|https://www.archives-aube.fr/_recherche-images/download/275762/image/28838/0/full/max/0/default.jpg
Aube|2|10|387_GG_02_19|Saint-Aventin (TROYES)|1688 - 1690|Baptême_Mariage_Sépulture|27|https://www.archives-aube.fr/_recherche-images/download/275763/image/28839/0/full/max/0/default.jpg
Aube|2|11|387_GG_02_20|Saint-Aventin (TROYES)|1690 - 1691|Baptême_Mariage_Sépulture|40|https://www.archives-aube.fr/_recherche-images/download/275764/image/28840/0/full/max/0/default.jpg
Aube|2|12|387_GG_TA_10|Saint-Aventin (TROYES)|1691 - 1700|Baptême|141|https://www.archives-aube.fr/_recherche-images/download/396297/image/66289/0/full/max/0/default.jpg
Aube|2|13|387_GG_TA_26|Saint-Aventin (TROYES)|1691 - 1700|Mariage|37|https://www.archives-aube.fr/_recherche-images/download/396631/image/66529/0/full/max/0/default.jpg
Aube|2|14|387_GG_TA_41|Saint-Aventin (TROYES)|1691 - 1700|Décès|154|https://www.archives-aube.fr/_recherche-images/download/396855/image/66753/0/full/max/0/default.jpg
Aube|2|15|387_GG_02_21|Saint-Aventin (TROYES)|1692 - 1695|Baptême_Mariage_Sépulture|44|https://www.archives-aube.fr/_recherche-images/download/275765/image/28841/0/full/max/0/default.jpg
Aube|2|16|387_GG_02_22|Saint-Aventin (TROYES)|1695 - 1701|Baptême_Mariage_Sépulture|53|https://www.archives-aube.fr/_recherche-images/download/275766/image/28842/0/full/max/0/default.jpg
Aube|2|17|387_GG_02_23|Saint-Aventin (TROYES)|1701 - 1704|Baptême_Mariage_Sépulture|29|https://www.archives-aube.fr/_recherche-images/download/275767/image/28843/0/full/max/0/default.jpg
Aube|2|18|387_GG_TA_11|Saint-Aventin (TROYES)|1701 - 1710|Baptême|146|https://www.archives-aube.fr/_recherche-images/download/396314/image/66306/0/full/max/0/default.jpg
Aube|2|19|387_GG_TA_27|Saint-Aventin (TROYES)|1701 - 1710|Mariage|39|https://www.archives-aube.fr/_recherche-images/download/396648/image/66546/0/full/max/0/default.jpg
Aube|2|20|387_GG_TA_42|Saint-Aventin (TROYES)|1701 - 1710|Décès|160|https://www.archives-aube.fr/_recherche-images/download/396872/image/66770/0/full/max/0/default.jpg
Aube|2|21|387_GG_02_24|Saint-Aventin (TROYES)|1704 - 1706|Baptême_Mariage_Sépulture|21|https://www.archives-aube.fr/_recherche-images/download/275768/image/28844/0/full/max/0/default.jpg
Aube|2|22|387_GG_02_25|Saint-Aventin (TROYES)|1706 - 1709|Baptême_Mariage_Sépulture|43|https://www.archives-aube.fr/_recherche-images/download/275769/image/28845/0/full/max/0/default.jpg
Aube|2|23|387_GG_02_26|Saint-Aventin (TROYES)|1709 - 1711|Baptême_Mariage_Sépulture|23|https://www.archives-aube.fr/_recherche-images/download/275770/image/28846/0/full/max/0/default.jpg
Aube|2|24|387_GG_02_27|Saint-Aventin (TROYES)|1711 - 1714|Baptême_Mariage_Sépulture|28|https://www.archives-aube.fr/_recherche-images/download/275771/image/28847/0/full/max/0/default.jpg
Aube|2|25|387_GG_TA_12|Saint-Aventin (TROYES)|1711 - 1720|Baptême|118|https://www.archives-aube.fr/_recherche-images/download/396331/image/66323/0/full/max/0/default.jpg
Aube|2|26|387_GG_TA_28|Saint-Aventin (TROYES)|1711 - 1720|Mariage|37|https://www.archives-aube.fr/_recherche-images/download/396665/image/66563/0/full/max/0/default.jpg
Aube|2|27|387_GG_TA_43|Saint-Aventin (TROYES)|1711 - 1720|Décès|129|https://www.archives-aube.fr/_recherche-images/download/396889/image/66787/0/full/max/0/default.jpg
Aube|2|28|387_GG_02_28|Saint-Aventin (TROYES)|1714 - 1716|Baptême_Mariage_Sépulture|20|https://www.archives-aube.fr/_recherche-images/download/275772/image/28848/0/full/max/0/default.jpg
Aube|2|29|387_GG_02_29|Saint-Aventin (TROYES)|1716 - 1718|Baptême_Mariage_Sépulture|15|https://www.archives-aube.fr/_recherche-images/download/275773/image/28849/0/full/max/0/default.jpg
Aube|2|30|387_GG_02_30|Saint-Aventin (TROYES)|1718 - 1720|Baptême_Mariage_Sépulture|28|https://www.archives-aube.fr/_recherche-images/download/275774/image/28850/0/full/max/0/default.jpg
Aube|2|31|387_GG_02_31|Saint-Aventin (TROYES)|1720 - 1723|Baptême_Mariage_Sépulture|31|https://www.archives-aube.fr/_recherche-images/download/275775/image/28851/0/full/max/0/default.jpg
Aube|2|32|387_GG_TA_13|Saint-Aventin (TROYES)|1721 - 1731|Baptême|135|https://www.archives-aube.fr/_recherche-images/download/396348/image/66340/0/full/max/0/default.jpg
Aube|2|33|387_GG_TA_29|Saint-Aventin (TROYES)|1721 - 1730|Mariage|36|https://www.archives-aube.fr/_recherche-images/download/396682/image/66580/0/full/max/0/default.jpg
Aube|2|34|387_GG_TA_44|Saint-Aventin (TROYES)|1721 - 1730|Décès|136|https://www.archives-aube.fr/_recherche-images/download/396906/image/66804/0/full/max/0/default.jpg
Aube|2|35|387_GG_02_32|Saint-Aventin (TROYES)|1723 - 1727|Baptême_Mariage_Sépulture|52|https://www.archives-aube.fr/_recherche-images/download/275776/image/28852/0/full/max/0/default.jpg
Aube|2|36|387_GG_02_33|Saint-Aventin (TROYES)|1727 - 1732|Baptême_Mariage_Sépulture|74|https://www.archives-aube.fr/_recherche-images/download/275777/image/28853/0/full/max/0/default.jpg
Aube|2|37|387_GG_TA_14|Saint-Aventin (TROYES)|1731 - 1740|Baptême|140|https://www.archives-aube.fr/_recherche-images/download/396365/image/66357/0/full/max/0/default.jpg
Aube|2|38|387_GG_TA_30|Saint-Aventin (TROYES)|1731 - 1740|Mariage|33|https://www.archives-aube.fr/_recherche-images/download/396699/image/66597/0/full/max/0/default.jpg
Aube|2|39|387_GG_TA_45|Saint-Aventin (TROYES)|1731 - 1740|Décès|142|https://www.archives-aube.fr/_recherche-images/download/396923/image/66821/0/full/max/0/default.jpg
Aube|2|40|387_GG_02_35|Saint-Aventin (TROYES)|1732 - 1736|Baptême_Mariage_Sépulture|45|https://www.archives-aube.fr/_recherche-images/download/275779/image/28855/0/full/max/0/default.jpg
Aube|2|41|387_GG_02_34|Saint-Aventin (TROYES)|1733 - 1736|Baptême_Mariage_Sépulture|51|https://www.archives-aube.fr/_recherche-images/download/275778/image/28854/0/full/max/0/default.jpg
Aube|2|42|387_GG_02_36|Saint-Aventin (TROYES)|1736 - 1736|Baptême_Mariage_Sépulture|12|https://www.archives-aube.fr/_recherche-images/download/275780/image/28856/0/full/max/0/default.jpg
Aube|2|43|387_GG_02_37|Saint-Aventin (TROYES)|1737 - 1737|Baptême_Mariage_Sépulture|17|https://www.archives-aube.fr/_recherche-images/download/275781/image/28857/0/full/max/0/default.jpg
Aube|2|44|387_GG_02_38|Saint-Aventin (TROYES)|1738 - 1738|Baptême_Mariage_Sépulture|17|https://www.archives-aube.fr/_recherche-images/download/275782/image/28858/0/full/max/0/default.jpg
Aube|2|45|387_GG_02_39|Saint-Aventin (TROYES)|1739 - 1739|Baptême_Mariage_Sépulture|14|https://www.archives-aube.fr/_recherche-images/download/275783/image/28859/0/full/max/0/default.jpg
Aube|2|46|387_GG_02_40|Saint-Aventin (TROYES)|1740 - 1741|Baptême_Mariage_Sépulture|29|https://www.archives-aube.fr/_recherche-images/download/275784/image/28860/0/full/max/0/default.jpg
Aube|2|47|387_GG_TA_15|Saint-Aventin (TROYES)|1741 - 1750|Baptême|139|https://www.archives-aube.fr/_recherche-images/download/396382/image/66374/0/full/max/0/default.jpg
Aube|2|48|387_GG_TA_31|Saint-Aventin (TROYES)|1741 - 1750|Mariage|43|https://www.archives-aube.fr/_recherche-images/download/396716/image/66614/0/full/max/0/default.jpg
Aube|2|49|387_GG_TA_46|Saint-Aventin (TROYES)|1741 - 1750|Décès|147|https://www.archives-aube.fr/_recherche-images/download/396940/image/66838/0/full/max/0/default.jpg
Aube|2|50|387_GG_02_41|Saint-Aventin (TROYES)|1742 - 1742|Baptême_Mariage_Sépulture|16|https://www.archives-aube.fr/_recherche-images/download/275785/image/28861/0/full/max/0/default.jpg
Aube|2|51|387_GG_02_42|Saint-Aventin (TROYES)|1743 - 1743|Baptême_Mariage_Sépulture|19|https://www.archives-aube.fr/_recherche-images/download/275786/image/28862/0/full/max/0/default.jpg
Aube|2|52|387_GG_02_43|Saint-Aventin (TROYES)|1744 - 1744|Baptême_Mariage_Sépulture|18|https://www.archives-aube.fr/_recherche-images/download/275787/image/28863/0/full/max/0/default.jpg
Aube|2|53|387_GG_02_44|Saint-Aventin (TROYES)|1745 - 1753|Baptême_Mariage_Sépulture|139|https://www.archives-aube.fr/_recherche-images/download/275788/image/28864/0/full/max/0/default.jpg
Aube|2|54|387_GG_TA_16|Saint-Aventin (TROYES)|1751 - 1760|Baptême|149|https://www.archives-aube.fr/_recherche-images/download/396399/image/66391/0/full/max/0/default.jpg
Aube|2|55|387_GG_TA_32|Saint-Aventin (TROYES)|1751 - 1760|Mariage|44|https://www.archives-aube.fr/_recherche-images/download/396733/image/66631/0/full/max/0/default.jpg
Aube|2|56|387_GG_TA_47|Saint-Aventin (TROYES)|1751 - 1760|Décès|143|https://www.archives-aube.fr/_recherche-images/download/396957/image/66855/0/full/max/0/default.jpg
Aube|2|57|387_GG_02_45|Saint-Aventin (TROYES)|1754 - 1754|Baptême_Mariage_Sépulture|25|https://www.archives-aube.fr/_recherche-images/download/275789/image/28865/0/full/max/0/default.jpg
Aube|2|58|387_GG_02_46|Saint-Aventin (TROYES)|1755 - 1755|Baptême_Mariage_Sépulture|19|https://www.archives-aube.fr/_recherche-images/download/275790/image/28866/0/full/max/0/default.jpg
Aube|2|59|387_GG_02_47|Saint-Aventin (TROYES)|1756 - 1756|Baptême_Mariage_Sépulture|24|https://www.archives-aube.fr/_recherche-images/download/275791/image/28867/0/full/max/0/default.jpg
Aube|2|60|387_GG_02_48|Saint-Aventin (TROYES)|1757 - 1757|Baptême_Mariage_Sépulture|23|https://www.archives-aube.fr/_recherche-images/download/275792/image/28868/0/full/max/0/default.jpg
Aube|2|61|387_GG_02_49|Saint-Aventin (TROYES)|1758 - 1758|Baptême_Mariage_Sépulture|22|https://www.archives-aube.fr/_recherche-images/download/275793/image/28869/0/full/max/0/default.jpg
Aube|2|62|387_GG_02_50|Saint-Aventin (TROYES)|1759 - 1759|Baptême_Mariage_Sépulture|18|https://www.archives-aube.fr/_recherche-images/download/275794/image/28870/0/full/max/0/default.jpg
Aube|2|63|387_GG_02_51|Saint-Aventin (TROYES)|1760 - 1764|Baptême_Mariage_Sépulture|121|https://www.archives-aube.fr/_recherche-images/download/275795/image/28871/0/full/max/0/default.jpg
Aube|2|64|387_GG_TA_17|Saint-Aventin (TROYES)|1761 - 1770|Baptême|141|https://www.archives-aube.fr/_recherche-images/download/396416/image/66408/0/full/max/0/default.jpg
Aube|2|65|387_GG_TA_33|Saint-Aventin (TROYES)|1761 - 1770|Mariage|43|https://www.archives-aube.fr/_recherche-images/download/396750/image/66648/0/full/max/0/default.jpg
Aube|2|66|387_GG_TA_48|Saint-Aventin (TROYES)|1761 - 1770|Décès|121|https://www.archives-aube.fr/_recherche-images/download/396974/image/66872/0/full/max/0/default.jpg
Aube|2|67|387_GG_02_52|Saint-Aventin (TROYES)|1765 - 1771|Baptême_Mariage_Sépulture|150|https://www.archives-aube.fr/_recherche-images/download/275796/image/28872/0/full/max/0/default.jpg
Aube|2|68|387_GG_02_68|Saint-Aventin (TROYES)|1771 - 1791|Mariage|89|https://www.archives-aube.fr/_recherche-images/download/275813/image/28888/0/full/max/0/default.jpg
Aube|2|69|387_GG_TA_18|Saint-Aventin (TROYES)|1771 - 1780|Baptême|200|https://www.archives-aube.fr/_recherche-images/download/396433/image/66425/0/full/max/0/default.jpg
Aube|2|70|387_GG_TA_34|Saint-Aventin (TROYES)|1771 - 1780|Mariage|55|https://www.archives-aube.fr/_recherche-images/download/396767/image/66665/0/full/max/0/default.jpg
Aube|2|71|387_GG_TA_49|Saint-Aventin (TROYES)|1771 - 1780|Décès|148|https://www.archives-aube.fr/_recherche-images/download/396991/image/66889/0/full/max/0/default.jpg
Aube|2|72|387_GG_02_54|Saint-Aventin (TROYES)|1778 - 1778|Baptême_Mariage_Sépulture|28|https://www.archives-aube.fr/_recherche-images/download/275798/image/28874/0/full/max/0/default.jpg
Aube|2|73|387_GG_02_55|Saint-Aventin (TROYES)|1779 - 1779|Baptême_Mariage_Sépulture|39|https://www.archives-aube.fr/_recherche-images/download/275799/image/28875/0/full/max/0/default.jpg
Aube|2|74|387_GG_02_56|Saint-Aventin (TROYES)|1780 - 1780|Baptême_Mariage_Sépulture|34|https://www.archives-aube.fr/_recherche-images/download/275800/image/28876/0/full/max/0/default.jpg
Aube|2|75|387_GG_02_57|Saint-Aventin (TROYES)|1781 - 1781|Baptême_Mariage_Sépulture|27|https://www.archives-aube.fr/_recherche-images/download/275801/image/28877/0/full/max/0/default.jpg
Aube|2|76|387_GG_TA_19|Saint-Aventin (TROYES)|1781 - 1792|Naissance|254|https://www.archives-aube.fr/_recherche-images/download/396450/image/66442/0/full/max/0/default.jpg
Aube|2|77|387_GG_TA_35|Saint-Aventin (TROYES)|1781 - 1792|Mariage|64|https://www.archives-aube.fr/_recherche-images/download/396784/image/66682/0/full/max/0/default.jpg
Aube|2|78|387_GG_TA_50|Saint-Aventin (TROYES)|1781 - 1792|Décès|195|https://www.archives-aube.fr/_recherche-images/download/397008/image/66906/0/full/max/0/default.jpg
Aube|2|79|387_GG_02_58|Saint-Aventin (TROYES)|1782 - 1782|Baptême_Mariage_Sépulture|31|https://www.archives-aube.fr/_recherche-images/download/275802/image/28878/0/full/max/0/default.jpg
Aube|2|80|387_GG_02_59|Saint-Aventin (TROYES)|1783 - 1783|Baptême_Mariage_Sépulture|26|https://www.archives-aube.fr/_recherche-images/download/275803/image/28879/0/full/max/0/default.jpg
Aube|2|81|387_GG_02_61|Saint-Aventin (TROYES)|1785 - 1785|Baptême_Mariage_Sépulture|43|https://www.archives-aube.fr/_recherche-images/download/275805/image/28881/0/full/max/0/default.jpg
Aube|2|82|387_GG_02_62|Saint-Aventin (TROYES)|1786 - 1786|Baptême_Mariage_Sépulture|35|https://www.archives-aube.fr/_recherche-images/download/275806/image/28882/0/full/max/0/default.jpg
Aube|2|83|387_GG_02_63|Saint-Aventin (TROYES)|1787 - 1787|Baptême_Mariage_Sépulture|39|https://www.archives-aube.fr/_recherche-images/download/275807/image/28883/0/full/max/0/default.jpg
Aube|2|84|387_GG_02_64|Saint-Aventin (TROYES)|1788 - 1788|Baptême_Mariage_Sépulture|35|https://www.archives-aube.fr/_recherche-images/download/275808/image/28884/0/full/max/0/default.jpg
Aube|2|85|387_GG_02_65|Saint-Aventin (TROYES)|1789 - 1789|Baptême_Mariage_Sépulture|29|https://www.archives-aube.fr/_recherche-images/download/275809/image/28885/0/full/max/0/default.jpg
Aube|2|86|387_GG_02_66|Saint-Aventin (TROYES)|1790 - 1790|Baptême_Mariage_Sépulture|27|https://www.archives-aube.fr/_recherche-images/download/275810/image/28886/0/full/max/0/default.jpg
Aube|2|87|387_GG_02_67|Saint-Aventin (TROYES)|1790 - 1791|Baptême_Mariage_Sépulture|43|https://www.archives-aube.fr/_recherche-images/download/275811/image/28887/0/full/max/0/default.jpg
Aube|2|88|387_GG_TA_38|Saint-Denis (TROYES)|1587 - 1670|Décès|126|https://www.archives-aube.fr/_recherche-images/download/396805/image/66703/0/full/max/0/default.jpg
Aube|2|89|387_GG_TA_01|Saint-Denis (TROYES)|1601 - 1610|Baptême|180|https://www.archives-aube.fr/_recherche-images/download/396145/image/66137/0/full/max/0/default.jpg
Aube|2|90|387_GG_TA_22|Saint-Denis (TROYES)|1608 - 1660|Mariage|82|https://www.archives-aube.fr/_recherche-images/download/396470/image/66462/0/full/max/0/default.jpg
Aube|2|91|387_GG_TA_02|Saint-Denis (TROYES)|1611 - 1620|Baptême|125|https://www.archives-aube.fr/_recherche-images/download/396162/image/66154/0/full/max/0/default.jpg
Aube|2|92|387_GG_TA_03|Saint-Denis (TROYES)|1611 - 1620|Baptême|176|https://www.archives-aube.fr/_recherche-images/download/396179/image/66171/0/full/max/0/default.jpg
Aube|2|93|387_GG_TA_04|Saint-Denis (TROYES)|1631 - 1640|Baptême|184|https://www.archives-aube.fr/_recherche-images/download/396196/image/66188/0/full/max/0/default.jpg
Aube|2|94|387_GG_03_01|Saint-Denis (TROYES)|1637 - 1667|Baptême_Mariage_Sépulture|80|https://www.archives-aube.fr/_recherche-images/download/275814/image/28889/0/full/max/0/default.jpg
Aube|2|95|387_GG_TA_05|Saint-Denis (TROYES)|1641 - 1650|Baptême|198|https://www.archives-aube.fr/_recherche-images/download/396213/image/66205/0/full/max/0/default.jpg
Aube|2|96|387_GG_TA_06|Saint-Denis (TROYES)|1651 - 1660|Baptême|175|https://www.archives-aube.fr/_recherche-images/download/396230/image/66222/0/full/max/0/default.jpg
Aube|2|97|387_GG_TA_07|Saint-Denis (TROYES)|1661 - 1670|Baptême|191|https://www.archives-aube.fr/_recherche-images/download/396247/image/66239/0/full/max/0/default.jpg
Aube|2|98|387_GG_TA_23|Saint-Denis (TROYES)|1661 - 1670|Mariage|50|https://www.archives-aube.fr/_recherche-images/download/396487/image/66479/0/full/max/0/default.jpg
Aube|2|99|387_GG_03_53|Saint-Denis (TROYES)|1662 - 1668|Sépulture_Mariage|12|https://www.archives-aube.fr/_recherche-images/download/275867/image/28941/0/full/max/0/default.jpg
Aube|3|0|387_GG_03_02|Saint-Denis (TROYES)|1668 - 1670|Baptême_Mariage_Sépulture|30|https://www.archives-aube.fr/_recherche-images/download/275815/image/28890/0/full/max/0/default.jpg
Aube|3|1|387_GG_03_03|Saint-Denis (TROYES)|1670 - 1671|Baptême_Mariage_Sépulture|17|https://www.archives-aube.fr/_recherche-images/download/275816/image/28891/0/full/max/0/default.jpg
Aube|3|2|387_GG_03_04|Saint-Denis (TROYES)|1671 - 1671|Baptême_Mariage_Sépulture|25|https://www.archives-aube.fr/_recherche-images/download/275817/image/28892/0/full/max/0/default.jpg
Aube|3|3|387_GG_TA_08|Saint-Denis (TROYES)|1671 - 1680|Baptême|174|https://www.archives-aube.fr/_recherche-images/download/396264/image/66256/0/full/max/0/default.jpg
Aube|3|4|387_GG_TA_24|Saint-Denis (TROYES)|1671 - 1680|Mariage|33|https://www.archives-aube.fr/_recherche-images/download/396598/image/66496/0/full/max/0/default.jpg
Aube|3|5|387_GG_TA_39|Saint-Denis (TROYES)|1671 - 1680|Décès|148|https://www.archives-aube.fr/_recherche-images/download/396822/image/66720/0/full/max/0/default.jpg
Aube|3|6|387_GG_03_05|Saint-Denis (TROYES)|1672 - 1672|Baptême_Mariage_Sépulture|31|https://www.archives-aube.fr/_recherche-images/download/275818/image/28893/0/full/max/0/default.jpg
Aube|3|7|387_GG_03_06|Saint-Denis (TROYES)|1673 - 1673|Baptême_Mariage_Sépulture|26|https://www.archives-aube.fr/_recherche-images/download/275819/image/28894/0/full/max/0/default.jpg
Aube|3|8|387_GG_03_07|Saint-Denis (TROYES)|1674 - 1674|Baptême_Mariage_Sépulture|18|https://www.archives-aube.fr/_recherche-images/download/275820/image/28895/0/full/max/0/default.jpg
Aube|3|9|387_GG_03_08|Saint-Denis (TROYES)|1675 - 1676|Baptême_Mariage_Sépulture|22|https://www.archives-aube.fr/_recherche-images/download/275821/image/28896/0/full/max/0/default.jpg
Aube|3|10|387_GG_03_09|Saint-Denis (TROYES)|1676 - 1676|Baptême_Mariage_Sépulture|16|https://www.archives-aube.fr/_recherche-images/download/275822/image/28897/0/full/max/0/default.jpg
Aube|3|11|387_GG_03_10|Saint-Denis (TROYES)|1677 - 1677|Baptême_Mariage_Sépulture|15|https://www.archives-aube.fr/_recherche-images/download/275823/image/28898/0/full/max/0/default.jpg
Aube|3|12|387_GG_03_11|Saint-Denis (TROYES)|1678 - 1678|Baptême_Mariage_Sépulture|20|https://www.archives-aube.fr/_recherche-images/download/275824/image/28899/0/full/max/0/default.jpg
Aube|3|13|387_GG_03_13|Saint-Denis (TROYES)|1680 - 1680|Baptême_Mariage_Sépulture|20|https://www.archives-aube.fr/_recherche-images/download/275826/image/28901/0/full/max/0/default.jpg
Aube|3|14|387_GG_03_14|Saint-Denis (TROYES)|1681 - 1682|Baptême_Mariage_Sépulture|23|https://www.archives-aube.fr/_recherche-images/download/275827/image/28902/0/full/max/0/default.jpg
Aube|3|15|387_GG_TA_09|Saint-Denis (TROYES)|1681 - 1690|Baptême|155|https://www.archives-aube.fr/_recherche-images/download/396281/image/66273/0/full/max/0/default.jpg
Aube|3|16|387_GG_TA_25|Saint-Denis (TROYES)|1681 - 1690|Mariage|40|https://www.archives-aube.fr/_recherche-images/download/396615/image/66513/0/full/max/0/default.jpg
Aube|3|17|387_GG_TA_40|Saint-Denis (TROYES)|1681 - 1690|Décès|126|https://www.archives-aube.fr/_recherche-images/download/396839/image/66737/0/full/max/0/default.jpg
Aube|3|18|387_GG_03_16|Saint-Denis (TROYES)|1683 - 1683|Baptême_Mariage_Sépulture|18|https://www.archives-aube.fr/_recherche-images/download/275829/image/28904/0/full/max/0/default.jpg
Aube|3|19|387_GG_03_17|Saint-Denis (TROYES)|1684 - 1684|Baptême_Mariage_Sépulture|21|https://www.archives-aube.fr/_recherche-images/download/275830/image/28905/0/full/max/0/default.jpg
Aube|3|20|387_GG_03_18|Saint-Denis (TROYES)|1685 - 1685|Baptême_Mariage_Sépulture|19|https://www.archives-aube.fr/_recherche-images/download/275831/image/28906/0/full/max/0/default.jpg
Aube|3|21|387_GG_03_19|Saint-Denis (TROYES)|1686 - 1686|Baptême_Mariage_Sépulture|21|https://www.archives-aube.fr/_recherche-images/download/275832/image/28907/0/full/max/0/default.jpg
Aube|3|22|387_GG_03_20|Saint-Denis (TROYES)|1687 - 1688|Baptême_Mariage_Sépulture|20|https://www.archives-aube.fr/_recherche-images/download/275833/image/28908/0/full/max/0/default.jpg
Aube|3|23|387_GG_03_21|Saint-Denis (TROYES)|1688 - 1689|Baptême_Mariage_Sépulture|19|https://www.archives-aube.fr/_recherche-images/download/275834/image/28909/0/full/max/0/default.jpg
Aube|3|24|387_GG_03_22|Saint-Denis (TROYES)|1689 - 1689|Baptême_Mariage_Sépulture|17|https://www.archives-aube.fr/_recherche-images/download/275835/image/28910/0/full/max/0/default.jpg
Aube|3|25|387_GG_03_23|Saint-Denis (TROYES)|1690 - 1691|Baptême_Mariage_Sépulture|20|https://www.archives-aube.fr/_recherche-images/download/275836/image/28911/0/full/max/0/default.jpg
Aube|3|26|387_GG_TA_10|Saint-Denis (TROYES)|1691 - 1700|Baptême|141|https://www.archives-aube.fr/_recherche-images/download/396298/image/66290/0/full/max/0/default.jpg
Aube|3|27|387_GG_TA_26|Saint-Denis (TROYES)|1691 - 1700|Mariage|37|https://www.archives-aube.fr/_recherche-images/download/396632/image/66530/0/full/max/0/default.jpg
Aube|3|28|387_GG_TA_41|Saint-Denis (TROYES)|1691 - 1700|Décès|154|https://www.archives-aube.fr/_recherche-images/download/396856/image/66754/0/full/max/0/default.jpg
Aube|3|29|387_GG_03_25|Saint-Denis (TROYES)|1692 - 1692|Baptême_Mariage_Sépulture|10|https://www.archives-aube.fr/_recherche-images/download/275838/image/28913/0/full/max/0/default.jpg
Aube|3|30|387_GG_03_26|Saint-Denis (TROYES)|1692 - 1694|Baptême_Mariage_Sépulture|27|https://www.archives-aube.fr/_recherche-images/download/275839/image/28914/0/full/max/0/default.jpg
Aube|3|31|387_GG_03_27|Saint-Denis (TROYES)|1694 - 1696|Baptême_Mariage_Sépulture|22|https://www.archives-aube.fr/_recherche-images/download/275840/image/28915/0/full/max/0/default.jpg
Aube|3|32|387_GG_03_28|Saint-Denis (TROYES)|1696 - 1698|Baptême_Mariage_Sépulture|24|https://www.archives-aube.fr/_recherche-images/download/275841/image/28916/0/full/max/0/default.jpg
Aube|3|33|387_GG_03_29|Saint-Denis (TROYES)|1698 - 1700|Baptême_Mariage_Sépulture|25|https://www.archives-aube.fr/_recherche-images/download/275842/image/28917/0/full/max/0/default.jpg
Aube|3|34|387_GG_03_30|Saint-Denis (TROYES)|1700 - 1702|Baptême_Mariage_Sépulture|23|https://www.archives-aube.fr/_recherche-images/download/275843/image/28918/0/full/max/0/default.jpg
Aube|3|35|387_GG_TA_11|Saint-Denis (TROYES)|1701 - 1710|Baptême|146|https://www.archives-aube.fr/_recherche-images/download/396315/image/66307/0/full/max/0/default.jpg
Aube|3|36|387_GG_TA_27|Saint-Denis (TROYES)|1701 - 1710|Mariage|39|https://www.archives-aube.fr/_recherche-images/download/396649/image/66547/0/full/max/0/default.jpg
Aube|3|37|387_GG_TA_42|Saint-Denis (TROYES)|1701 - 1710|Décès|160|https://www.archives-aube.fr/_recherche-images/download/396873/image/66771/0/full/max/0/default.jpg
Aube|3|38|387_GG_03_31|Saint-Denis (TROYES)|1702 - 1704|Baptême_Mariage_Sépulture|23|https://www.archives-aube.fr/_recherche-images/download/275844/image/28919/0/full/max/0/default.jpg
Aube|3|39|387_GG_03_32|Saint-Denis (TROYES)|1704 - 1706|Baptême_Mariage_Sépulture|15|https://www.archives-aube.fr/_recherche-images/download/275845/image/28920/0/full/max/0/default.jpg
Aube|3|40|387_GG_03_33|Saint-Denis (TROYES)|1706 - 1707|Baptême_Mariage_Sépulture|11|https://www.archives-aube.fr/_recherche-images/download/275846/image/28921/0/full/max/0/default.jpg
Aube|3|41|387_GG_03_34|Saint-Denis (TROYES)|1707 - 1709|Baptême_Mariage_Sépulture|19|https://www.archives-aube.fr/_recherche-images/download/275847/image/28922/0/full/max/0/default.jpg
Aube|3|42|387_GG_03_35|Saint-Denis (TROYES)|1709 - 1710|Baptême_Mariage_Sépulture|12|https://www.archives-aube.fr/_recherche-images/download/275848/image/28923/0/full/max/0/default.jpg
Aube|3|43|387_GG_03_36|Saint-Denis (TROYES)|1710 - 1711|Baptême_Mariage_Sépulture|13|https://www.archives-aube.fr/_recherche-images/download/275849/image/28924/0/full/max/0/default.jpg
Aube|3|44|387_GG_TA_12|Saint-Denis (TROYES)|1711 - 1720|Baptême|118|https://www.archives-aube.fr/_recherche-images/download/396332/image/66324/0/full/max/0/default.jpg
Aube|3|45|387_GG_TA_28|Saint-Denis (TROYES)|1711 - 1720|Mariage|37|https://www.archives-aube.fr/_recherche-images/download/396666/image/66564/0/full/max/0/default.jpg
Aube|3|46|387_GG_TA_43|Saint-Denis (TROYES)|1711 - 1720|Décès|129|https://www.archives-aube.fr/_recherche-images/download/396890/image/66788/0/full/max/0/default.jpg
Aube|3|47|387_GG_03_37|Saint-Denis (TROYES)|1713 - 1713|Baptême_Mariage_Sépulture|12|https://www.archives-aube.fr/_recherche-images/download/275850/image/28925/0/full/max/0/default.jpg
Aube|3|48|387_GG_03_38|Saint-Denis (TROYES)|1714 - 1715|Baptême_Mariage_Sépulture|12|https://www.archives-aube.fr/_recherche-images/download/275851/image/28926/0/full/max/0/default.jpg
Aube|3|49|387_GG_03_39|Saint-Denis (TROYES)|1715 - 1715|Baptême_Mariage_Sépulture|13|https://www.archives-aube.fr/_recherche-images/download/275852/image/28927/0/full/max/0/default.jpg
Aube|3|50|387_GG_03_40|Saint-Denis (TROYES)|1716 - 1716|Baptême_Mariage_Sépulture|12|https://www.archives-aube.fr/_recherche-images/download/275853/image/28928/0/full/max/0/default.jpg
Aube|3|51|387_GG_03_41|Saint-Denis (TROYES)|1717 - 1717|Baptême_Mariage_Sépulture|14|https://www.archives-aube.fr/_recherche-images/download/275854/image/28929/0/full/max/0/default.jpg
Aube|3|52|387_GG_03_42|Saint-Denis (TROYES)|1718 - 1721|Baptême_Mariage_Sépulture|41|https://www.archives-aube.fr/_recherche-images/download/275855/image/28930/0/full/max/0/default.jpg
Aube|3|53|387_GG_03_43|Saint-Denis (TROYES)|1721 - 1724|Baptême_Mariage_Sépulture|46|https://www.archives-aube.fr/_recherche-images/download/275856/image/28931/0/full/max/0/default.jpg
Aube|3|54|387_GG_TA_13|Saint-Denis (TROYES)|1721 - 1731|Baptême|135|https://www.archives-aube.fr/_recherche-images/download/396349/image/66341/0/full/max/0/default.jpg
Aube|3|55|387_GG_TA_29|Saint-Denis (TROYES)|1721 - 1730|Mariage|36|https://www.archives-aube.fr/_recherche-images/download/396683/image/66581/0/full/max/0/default.jpg
Aube|3|56|387_GG_TA_44|Saint-Denis (TROYES)|1721 - 1730|Décès|136|https://www.archives-aube.fr/_recherche-images/download/396907/image/66805/0/full/max/0/default.jpg
Aube|3|57|387_GG_03_44|Saint-Denis (TROYES)|1725 - 1731|Baptême_Mariage_Sépulture|87|https://www.archives-aube.fr/_recherche-images/download/275857/image/28932/0/full/max/0/default.jpg
Aube|3|58|387_GG_TA_14|Saint-Denis (TROYES)|1731 - 1740|Baptême|140|https://www.archives-aube.fr/_recherche-images/download/396366/image/66358/0/full/max/0/default.jpg
Aube|3|59|387_GG_TA_30|Saint-Denis (TROYES)|1731 - 1740|Mariage|33|https://www.archives-aube.fr/_recherche-images/download/396700/image/66598/0/full/max/0/default.jpg
Aube|3|60|387_GG_TA_45|Saint-Denis (TROYES)|1731 - 1740|Décès|142|https://www.archives-aube.fr/_recherche-images/download/396924/image/66822/0/full/max/0/default.jpg
Aube|3|61|387_GG_03_45|Saint-Denis (TROYES)|1732 - 1735|Baptême_Mariage_Sépulture|48|https://www.archives-aube.fr/_recherche-images/download/275858/image/28933/0/full/max/0/default.jpg
Aube|3|62|387_GG_03_46|Saint-Denis (TROYES)|1736 - 1740|Baptême_Mariage_Sépulture|72|https://www.archives-aube.fr/_recherche-images/download/275859/image/28934/0/full/max/0/default.jpg
Aube|3|63|387_GG_03_47|Saint-Denis (TROYES)|1741 - 1746|Baptême_Mariage_Sépulture|70|https://www.archives-aube.fr/_recherche-images/download/275860/image/28935/0/full/max/0/default.jpg
Aube|3|64|387_GG_TA_15|Saint-Denis (TROYES)|1741 - 1750|Baptême|139|https://www.archives-aube.fr/_recherche-images/download/396383/image/66375/0/full/max/0/default.jpg
Aube|3|65|387_GG_TA_31|Saint-Denis (TROYES)|1741 - 1750|Mariage|43|https://www.archives-aube.fr/_recherche-images/download/396717/image/66615/0/full/max/0/default.jpg
Aube|3|66|387_GG_TA_46|Saint-Denis (TROYES)|1741 - 1750|Décès|147|https://www.archives-aube.fr/_recherche-images/download/396941/image/66839/0/full/max/0/default.jpg
Aube|3|67|387_GG_03_48|Saint-Denis (TROYES)|1746 - 1750|Baptême_Mariage_Sépulture|61|https://www.archives-aube.fr/_recherche-images/download/275861/image/28936/0/full/max/0/default.jpg
Aube|3|68|387_GG_03_49|Saint-Denis (TROYES)|1751 - 1755|Baptême_Mariage_Sépulture|71|https://www.archives-aube.fr/_recherche-images/download/275862/image/28937/0/full/max/0/default.jpg
Aube|3|69|387_GG_TA_16|Saint-Denis (TROYES)|1751 - 1760|Baptême|149|https://www.archives-aube.fr/_recherche-images/download/396400/image/66392/0/full/max/0/default.jpg
Aube|3|70|387_GG_TA_32|Saint-Denis (TROYES)|1751 - 1760|Mariage|44|https://www.archives-aube.fr/_recherche-images/download/396734/image/66632/0/full/max/0/default.jpg
Aube|3|71|387_GG_TA_47|Saint-Denis (TROYES)|1751 - 1760|Décès|143|https://www.archives-aube.fr/_recherche-images/download/396958/image/66856/0/full/max/0/default.jpg
Aube|3|72|387_GG_03_50|Saint-Denis (TROYES)|1756 - 1767|Baptême_Mariage_Sépulture|145|https://www.archives-aube.fr/_recherche-images/download/275863/image/28938/0/full/max/0/default.jpg
Aube|3|73|387_GG_TA_17|Saint-Denis (TROYES)|1761 - 1770|Baptême|141|https://www.archives-aube.fr/_recherche-images/download/396417/image/66409/0/full/max/0/default.jpg
Aube|3|74|387_GG_TA_33|Saint-Denis (TROYES)|1761 - 1770|Mariage|43|https://www.archives-aube.fr/_recherche-images/download/396751/image/66649/0/full/max/0/default.jpg
Aube|3|75|387_GG_TA_48|Saint-Denis (TROYES)|1761 - 1770|Décès|121|https://www.archives-aube.fr/_recherche-images/download/396975/image/66873/0/full/max/0/default.jpg
Aube|3|76|387_GG_03_51|Saint-Denis (TROYES)|1768 - 1781|Baptême_Mariage_Sépulture|247|https://www.archives-aube.fr/_recherche-images/download/275864/image/28939/0/full/max/0/default.jpg
Aube|3|77|387_GG_TA_18|Saint-Denis (TROYES)|1771 - 1780|Baptême|200|https://www.archives-aube.fr/_recherche-images/download/396434/image/66426/0/full/max/0/default.jpg
Aube|3|78|387_GG_TA_34|Saint-Denis (TROYES)|1771 - 1780|Mariage|55|https://www.archives-aube.fr/_recherche-images/download/396768/image/66666/0/full/max/0/default.jpg
Aube|3|79|387_GG_TA_49|Saint-Denis (TROYES)|1771 - 1780|Décès|148|https://www.archives-aube.fr/_recherche-images/download/396992/image/66890/0/full/max/0/default.jpg
Aube|3|80|387_GG_TA_19|Saint-Denis (TROYES)|1781 - 1792|Naissance|254|https://www.archives-aube.fr/_recherche-images/download/396451/image/66443/0/full/max/0/default.jpg
Aube|3|81|387_GG_TA_35|Saint-Denis (TROYES)|1781 - 1792|Mariage|64|https://www.archives-aube.fr/_recherche-images/download/396785/image/66683/0/full/max/0/default.jpg
Aube|3|82|387_GG_TA_50|Saint-Denis (TROYES)|1781 - 1792|Décès|195|https://www.archives-aube.fr/_recherche-images/download/397009/image/66907/0/full/max/0/default.jpg
Aube|3|83|387_GG_03_52|Saint-Denis (TROYES)|1782 - 1790|Baptême_Mariage_Sépulture|169|https://www.archives-aube.fr/_recherche-images/download/275865/image/28940/0/full/max/0/default.jpg
Aube|3|84|387_GG_TA_38|Saint-Etienne (TROYES)|1587 - 1670|Décès|126|https://www.archives-aube.fr/_recherche-images/download/396806/image/66704/0/full/max/0/default.jpg
Aube|3|85|387_GG_TA_01|Saint-Etienne (TROYES)|1601 - 1610|Baptême|180|https://www.archives-aube.fr/_recherche-images/download/396146/image/66138/0/full/max/0/default.jpg
Aube|3|86|387_GG_04_01|Saint-Etienne (TROYES)|1602 - 1667|Baptême|57|https://www.archives-aube.fr/_recherche-images/download/275868/image/28942/0/full/max/0/default.jpg
Aube|3|87|387_GG_TA_22|Saint-Etienne (TROYES)|1608 - 1660|Mariage|82|https://www.archives-aube.fr/_recherche-images/download/396471/image/66463/0/full/max/0/default.jpg
Aube|3|88|387_GG_TA_02|Saint-Etienne (TROYES)|1611 - 1620|Baptême|125|https://www.archives-aube.fr/_recherche-images/download/396163/image/66155/0/full/max/0/default.jpg
Aube|3|89|387_GG_TA_03|Saint-Etienne (TROYES)|1611 - 1620|Baptême|176|https://www.archives-aube.fr/_recherche-images/download/396180/image/66172/0/full/max/0/default.jpg
Aube|3|90|387_GG_04_01|Saint-Etienne (TROYES)|1615 - 1672|Sépulture|57|https://www.archives-aube.fr/_recherche-images/download/275869/image/28943/0/full/max/0/default.jpg
Aube|3|91|387_GG_TA_04|Saint-Etienne (TROYES)|1631 - 1640|Baptême|184|https://www.archives-aube.fr/_recherche-images/download/396197/image/66189/0/full/max/0/default.jpg
Aube|3|92|387_GG_TA_05|Saint-Etienne (TROYES)|1641 - 1650|Baptême|198|https://www.archives-aube.fr/_recherche-images/download/396214/image/66206/0/full/max/0/default.jpg
Aube|3|93|387_GG_TA_06|Saint-Etienne (TROYES)|1651 - 1660|Baptême|175|https://www.archives-aube.fr/_recherche-images/download/396231/image/66223/0/full/max/0/default.jpg
Aube|3|94|387_GG_TA_07|Saint-Etienne (TROYES)|1661 - 1670|Baptême|191|https://www.archives-aube.fr/_recherche-images/download/396248/image/66240/0/full/max/0/default.jpg
Aube|3|95|387_GG_TA_23|Saint-Etienne (TROYES)|1661 - 1670|Mariage|50|https://www.archives-aube.fr/_recherche-images/download/396488/image/66480/0/full/max/0/default.jpg
Aube|3|96|387_GG_04_02|Saint-Etienne (TROYES)|1668 - 1673|Baptême_Mariage_Sépulture|19|https://www.archives-aube.fr/_recherche-images/download/275870/image/28944/0/full/max/0/default.jpg
Aube|3|97|387_GG_04_03|Saint-Etienne (TROYES)|1668 - 1673|Baptême_Mariage_Sépulture|16|https://www.archives-aube.fr/_recherche-images/download/275871/image/28945/0/full/max/0/default.jpg
Aube|3|98|387_GG_TA_08|Saint-Etienne (TROYES)|1671 - 1680|Baptême|174|https://www.archives-aube.fr/_recherche-images/download/396265/image/66257/0/full/max/0/default.jpg
Aube|3|99|387_GG_TA_24|Saint-Etienne (TROYES)|1671 - 1680|Mariage|33|https://www.archives-aube.fr/_recherche-images/download/396599/image/66497/0/full/max/0/default.jpg
Aube|4|0|387_GG_TA_39|Saint-Etienne (TROYES)|1671 - 1680|Décès|148|https://www.archives-aube.fr/_recherche-images/download/396823/image/66721/0/full/max/0/default.jpg
Aube|4|1|387_GG_04_04|Saint-Etienne (TROYES)|1674 - 1689|Baptême_Mariage_Sépulture|85|https://www.archives-aube.fr/_recherche-images/download/275872/image/28946/0/full/max/0/default.jpg
Aube|4|2|387_GG_TA_09|Saint-Etienne (TROYES)|1681 - 1690|Baptême|155|https://www.archives-aube.fr/_recherche-images/download/396282/image/66274/0/full/max/0/default.jpg
Aube|4|3|387_GG_TA_25|Saint-Etienne (TROYES)|1681 - 1690|Mariage|40|https://www.archives-aube.fr/_recherche-images/download/396616/image/66514/0/full/max/0/default.jpg
Aube|4|4|387_GG_TA_40|Saint-Etienne (TROYES)|1681 - 1690|Décès|126|https://www.archives-aube.fr/_recherche-images/download/396840/image/66738/0/full/max/0/default.jpg
Aube|4|5|387_GG_04_05|Saint-Etienne (TROYES)|1689 - 1714|Baptême_Mariage_Sépulture|120|https://www.archives-aube.fr/_recherche-images/download/275873/image/28947/0/full/max/0/default.jpg
Aube|4|6|387_GG_TA_10|Saint-Etienne (TROYES)|1691 - 1700|Baptême|141|https://www.archives-aube.fr/_recherche-images/download/396299/image/66291/0/full/max/0/default.jpg
Aube|4|7|387_GG_TA_26|Saint-Etienne (TROYES)|1691 - 1700|Mariage|37|https://www.archives-aube.fr/_recherche-images/download/396633/image/66531/0/full/max/0/default.jpg
Aube|4|8|387_GG_TA_41|Saint-Etienne (TROYES)|1691 - 1700|Décès|154|https://www.archives-aube.fr/_recherche-images/download/396857/image/66755/0/full/max/0/default.jpg
Aube|4|9|387_GG_TA_11|Saint-Etienne (TROYES)|1701 - 1710|Baptême|146|https://www.archives-aube.fr/_recherche-images/download/396316/image/66308/0/full/max/0/default.jpg
Aube|4|10|387_GG_TA_27|Saint-Etienne (TROYES)|1701 - 1710|Mariage|39|https://www.archives-aube.fr/_recherche-images/download/396650/image/66548/0/full/max/0/default.jpg
Aube|4|11|387_GG_TA_42|Saint-Etienne (TROYES)|1701 - 1710|Décès|160|https://www.archives-aube.fr/_recherche-images/download/396874/image/66772/0/full/max/0/default.jpg
Aube|4|12|387_GG_TA_12|Saint-Etienne (TROYES)|1711 - 1720|Baptême|118|https://www.archives-aube.fr/_recherche-images/download/396333/image/66325/0/full/max/0/default.jpg
Aube|4|13|387_GG_TA_28|Saint-Etienne (TROYES)|1711 - 1720|Mariage|37|https://www.archives-aube.fr/_recherche-images/download/396667/image/66565/0/full/max/0/default.jpg
Aube|4|14|387_GG_TA_43|Saint-Etienne (TROYES)|1711 - 1720|Décès|129|https://www.archives-aube.fr/_recherche-images/download/396891/image/66789/0/full/max/0/default.jpg
Aube|4|15|387_GG_04_06|Saint-Etienne (TROYES)|1715 - 1752|Baptême_Mariage_Sépulture|224|https://www.archives-aube.fr/_recherche-images/download/275874/image/28948/0/full/max/0/default.jpg
Aube|4|16|387_GG_TA_13|Saint-Etienne (TROYES)|1721 - 1731|Baptême|135|https://www.archives-aube.fr/_recherche-images/download/396350/image/66342/0/full/max/0/default.jpg
Aube|4|17|387_GG_TA_29|Saint-Etienne (TROYES)|1721 - 1730|Mariage|36|https://www.archives-aube.fr/_recherche-images/download/396684/image/66582/0/full/max/0/default.jpg
Aube|4|18|387_GG_TA_44|Saint-Etienne (TROYES)|1721 - 1730|Décès|136|https://www.archives-aube.fr/_recherche-images/download/396908/image/66806/0/full/max/0/default.jpg
Aube|4|19|387_GG_TA_14|Saint-Etienne (TROYES)|1731 - 1740|Baptême|140|https://www.archives-aube.fr/_recherche-images/download/396367/image/66359/0/full/max/0/default.jpg
Aube|4|20|387_GG_TA_30|Saint-Etienne (TROYES)|1731 - 1740|Mariage|33|https://www.archives-aube.fr/_recherche-images/download/396701/image/66599/0/full/max/0/default.jpg
Aube|4|21|387_GG_TA_45|Saint-Etienne (TROYES)|1731 - 1740|Décès|142|https://www.archives-aube.fr/_recherche-images/download/396925/image/66823/0/full/max/0/default.jpg
Aube|4|22|387_GG_TA_15|Saint-Etienne (TROYES)|1741 - 1750|Baptême|139|https://www.archives-aube.fr/_recherche-images/download/396384/image/66376/0/full/max/0/default.jpg
Aube|4|23|387_GG_TA_31|Saint-Etienne (TROYES)|1741 - 1750|Mariage|43|https://www.archives-aube.fr/_recherche-images/download/396718/image/66616/0/full/max/0/default.jpg
Aube|4|24|387_GG_TA_46|Saint-Etienne (TROYES)|1741 - 1750|Décès|147|https://www.archives-aube.fr/_recherche-images/download/396942/image/66840/0/full/max/0/default.jpg
Aube|4|25|387_GG_TA_16|Saint-Etienne (TROYES)|1751 - 1760|Baptême|149|https://www.archives-aube.fr/_recherche-images/download/396401/image/66393/0/full/max/0/default.jpg
Aube|4|26|387_GG_TA_32|Saint-Etienne (TROYES)|1751 - 1760|Mariage|44|https://www.archives-aube.fr/_recherche-images/download/396735/image/66633/0/full/max/0/default.jpg
Aube|4|27|387_GG_TA_47|Saint-Etienne (TROYES)|1751 - 1760|Décès|143|https://www.archives-aube.fr/_recherche-images/download/396959/image/66857/0/full/max/0/default.jpg
Aube|4|28|387_GG_04_07|Saint-Etienne (TROYES)|1753 - 1791|Baptême_Mariage_Sépulture|277|https://www.archives-aube.fr/_recherche-images/download/275875/image/28949/0/full/max/0/default.jpg
Aube|4|29|387_GG_TA_17|Saint-Etienne (TROYES)|1761 - 1770|Baptême|141|https://www.archives-aube.fr/_recherche-images/download/396418/image/66410/0/full/max/0/default.jpg
Aube|4|30|387_GG_TA_33|Saint-Etienne (TROYES)|1761 - 1770|Mariage|43|https://www.archives-aube.fr/_recherche-images/download/396752/image/66650/0/full/max/0/default.jpg
Aube|4|31|387_GG_TA_48|Saint-Etienne (TROYES)|1761 - 1770|Décès|121|https://www.archives-aube.fr/_recherche-images/download/396976/image/66874/0/full/max/0/default.jpg
Aube|4|32|387_GG_TA_18|Saint-Etienne (TROYES)|1771 - 1780|Baptême|200|https://www.archives-aube.fr/_recherche-images/download/396435/image/66427/0/full/max/0/default.jpg
Aube|4|33|387_GG_TA_34|Saint-Etienne (TROYES)|1771 - 1780|Mariage|55|https://www.archives-aube.fr/_recherche-images/download/396769/image/66667/0/full/max/0/default.jpg
Aube|4|34|387_GG_TA_49|Saint-Etienne (TROYES)|1771 - 1780|Décès|148|https://www.archives-aube.fr/_recherche-images/download/396993/image/66891/0/full/max/0/default.jpg
Aube|4|35|387_GG_TA_19|Saint-Etienne (TROYES)|1781 - 1792|Naissance|254|https://www.archives-aube.fr/_recherche-images/download/396452/image/66444/0/full/max/0/default.jpg
Aube|4|36|387_GG_TA_35|Saint-Etienne (TROYES)|1781 - 1792|Mariage|64|https://www.archives-aube.fr/_recherche-images/download/396786/image/66684/0/full/max/0/default.jpg
Aube|4|37|387_GG_TA_50|Saint-Etienne (TROYES)|1781 - 1792|Décès|195|https://www.archives-aube.fr/_recherche-images/download/397010/image/66908/0/full/max/0/default.jpg
Aube|4|38|387_GG_TA_38|Saint-Frobert (TROYES)|1587 - 1670|Décès|126|https://www.archives-aube.fr/_recherche-images/download/396807/image/66705/0/full/max/0/default.jpg
Aube|4|39|387_GG_TA_01|Saint-Frobert (TROYES)|1601 - 1610|Baptême|180|https://www.archives-aube.fr/_recherche-images/download/396147/image/66139/0/full/max/0/default.jpg
Aube|4|40|387_GG_TA_22|Saint-Frobert (TROYES)|1608 - 1660|Mariage|82|https://www.archives-aube.fr/_recherche-images/download/396472/image/66464/0/full/max/0/default.jpg
Aube|4|41|387_GG_TA_02|Saint-Frobert (TROYES)|1611 - 1620|Baptême|125|https://www.archives-aube.fr/_recherche-images/download/396164/image/66156/0/full/max/0/default.jpg
Aube|4|42|387_GG_TA_03|Saint-Frobert (TROYES)|1611 - 1620|Baptême|176|https://www.archives-aube.fr/_recherche-images/download/396181/image/66173/0/full/max/0/default.jpg
Aube|4|43|387_GG_TA_04|Saint-Frobert (TROYES)|1631 - 1640|Baptême|184|https://www.archives-aube.fr/_recherche-images/download/396198/image/66190/0/full/max/0/default.jpg
Aube|4|44|387_GG_TA_05|Saint-Frobert (TROYES)|1641 - 1650|Baptême|198|https://www.archives-aube.fr/_recherche-images/download/396215/image/66207/0/full/max/0/default.jpg
Aube|4|45|387_GG_TA_06|Saint-Frobert (TROYES)|1651 - 1660|Baptême|175|https://www.archives-aube.fr/_recherche-images/download/396232/image/66224/0/full/max/0/default.jpg
Aube|4|46|387_GG_TA_07|Saint-Frobert (TROYES)|1661 - 1670|Baptême|191|https://www.archives-aube.fr/_recherche-images/download/396249/image/66241/0/full/max/0/default.jpg
Aube|4|47|387_GG_TA_23|Saint-Frobert (TROYES)|1661 - 1670|Mariage|50|https://www.archives-aube.fr/_recherche-images/download/396489/image/66481/0/full/max/0/default.jpg
Aube|4|48|387_GG_05_01|Saint-Frobert (TROYES)|1668 - 1668|Mariage_Sépulture|10|https://www.archives-aube.fr/_recherche-images/download/275877/image/28950/0/full/max/0/default.jpg
Aube|4|49|387_GG_05_02|Saint-Frobert (TROYES)|1669 - 1670|Mariage_Sépulture|9|https://www.archives-aube.fr/_recherche-images/download/275878/image/28951/0/full/max/0/default.jpg
Aube|4|50|387_GG_05_03|Saint-Frobert (TROYES)|1670 - 1671|Mariage_Sépulture|20|https://www.archives-aube.fr/_recherche-images/download/275879/image/28952/0/full/max/0/default.jpg
Aube|4|51|387_GG_05_04|Saint-Frobert (TROYES)|1671 - 1672|Mariage_Sépulture|24|https://www.archives-aube.fr/_recherche-images/download/275880/image/28953/0/full/max/0/default.jpg
Aube|4|52|387_GG_TA_08|Saint-Frobert (TROYES)|1671 - 1680|Baptême|174|https://www.archives-aube.fr/_recherche-images/download/396266/image/66258/0/full/max/0/default.jpg
Aube|4|53|387_GG_TA_24|Saint-Frobert (TROYES)|1671 - 1680|Mariage|33|https://www.archives-aube.fr/_recherche-images/download/396600/image/66498/0/full/max/0/default.jpg
Aube|4|54|387_GG_TA_39|Saint-Frobert (TROYES)|1671 - 1680|Décès|148|https://www.archives-aube.fr/_recherche-images/download/396824/image/66722/0/full/max/0/default.jpg
Aube|4|55|387_GG_05_05|Saint-Frobert (TROYES)|1672 - 1674|Mariage_Sépulture|25|https://www.archives-aube.fr/_recherche-images/download/275881/image/28954/0/full/max/0/default.jpg
