Aube|10|59|387_GG_11_87|Saint-Martin (TROYES)|1853 - 1863|Naissance_Mariage_Décès|20|https://www.archives-aube.fr/_recherche-images/download/397192/image/67090/0/full/max/0/default.jpg
Aube|11|17|387_GG_12_12|Saint-Nicolas (TROYES)|1780 - 1789|Baptême_Mariage_Sépulture|236|https://www.archives-aube.fr/_recherche-images/download/395137/image/65130/0/full/max/0/default.jpg
Aube|11|37|387_GG_13_06bis|Saint-Nizier (TROYES)|1645 - 1667|Sépulture_Baptême|39|https://www.archives-aube.fr/_recherche-images/download/395148/image/65141/0/full/max/0/default.jpg
Aube|1|17|387_GG_TA_39|Hôtel-dieu (TROYES)|1671 - 1680|Décès|148|https://www.archives-aube.fr/_recherche-images/download/396820/image/66718/0/full/max/0/default.jpg
Aube|1|39|387_GG_TA_42|Hôtel-dieu (TROYES)|1701 - 1710|Décès|160|https://www.archives-aube.fr/_recherche-images/download/396871/image/66769/0/full/max/0/default.jpg
Aube|1|59|387_GG_01_20|Hôtel-dieu (TROYES)|1745 - 1759|Baptême_Sépulture|283|https://www.archives-aube.fr/_recherche-images/download/275732/image/28811/0/full/max/0/default.jpg
Aube|1|60|387_GG_TA_16|Hôtel-dieu (TROYES)|1751 - 1760|Baptême|149|https://www.archives-aube.fr/_recherche-images/download/396398/image/66390/0/full/max/0/default.jpg
Aube|1|80|387_GG_02_02|Saint-Aventin (TROYES)|1604 - 1620|Baptême|125|https://www.archives-aube.fr/_recherche-images/download/275743/image/28822/0/full/max/0/default.jpg
Aube|1|85|387_GG_TA_04|Saint-Aventin (TROYES)|1631 - 1640|Baptême|184|https://www.archives-aube.fr/_recherche-images/download/396195/image/66187/0/full/max/0/default.jpg
Aube|1|87|387_GG_TA_06|Saint-Aventin (TROYES)|1651 - 1660|Baptême|175|https://www.archives-aube.fr/_recherche-images/download/396229/image/66221/0/full/max/0/default.jpg
Aube|1|89|387_GG_TA_23|Saint-Aventin (TROYES)|1661 - 1670|Mariage|50|https://www.archives-aube.fr/_recherche-images/download/396486/image/66478/0/full/max/0/default.jpg
Aube|1|90|387_GG_02_28bis|Saint-Aventin (TROYES)|1668 - 1714|Table alphabétique|42|https://www.archives-aube.fr/_recherche-images/download/397092/image/66990/0/full/max/0/default.jpg
Aube|1|94|387_GG_TA_39|Saint-Aventin (TROYES)|1671 - 1680|Décès|148|https://www.archives-aube.fr/_recherche-images/download/396821/image/66719/0/full/max/0/default.jpg
Aube|1|99|387_GG_02_11|Saint-Aventin (TROYES)|1677 - 1678|Baptême_Mariage_Sépulture|20|https://www.archives-aube.fr/_recherche-images/download/275755/image/28831/0/full/max/0/default.jpg
Aube|2|33|387_GG_TA_29|Saint-Aventin (TROYES)|1721 - 1730|Mariage|36|https://www.archives-aube.fr/_recherche-images/download/396682/image/66580/0/full/max/0/default.jpg
Aube|2|69|387_GG_TA_18|Saint-Aventin (TROYES)|1771 - 1780|Baptême|200|https://www.archives-aube.fr/_recherche-images/download/396433/image/66425/0/full/max/0/default.jpg
Aube|2|89|387_GG_TA_01|Saint-Denis (TROYES)|1601 - 1610|Baptême|180|https://www.archives-aube.fr/_recherche-images/download/396145/image/66137/0/full/max/0/default.jpg
Aube|2|93|387_GG_TA_04|Saint-Denis (TROYES)|1631 - 1640|Baptême|184|https://www.archives-aube.fr/_recherche-images/download/396196/image/66188/0/full/max/0/default.jpg
Aube|3|54|387_GG_TA_13|Saint-Denis (TROYES)|1721 - 1731|Baptême|135|https://www.archives-aube.fr/_recherche-images/download/396349/image/66341/0/full/max/0/default.jpg
Aube|3|76|387_GG_03_51|Saint-Denis (TROYES)|1768 - 1781|Baptême_Mariage_Sépulture|247|https://www.archives-aube.fr/_recherche-images/download/275864/image/28939/0/full/max/0/default.jpg
Aube|4|33|387_GG_TA_34|Saint-Etienne (TROYES)|1771 - 1780|Mariage|55|https://www.archives-aube.fr/_recherche-images/download/396769/image/66667/0/full/max/0/default.jpg
Aube|4|35|387_GG_TA_19|Saint-Etienne (TROYES)|1781 - 1792|Naissance|254|https://www.archives-aube.fr/_recherche-images/download/396452/image/66444/0/full/max/0/default.jpg
Aube|4|37|387_GG_TA_50|Saint-Etienne (TROYES)|1781 - 1792|Décès|195|https://www.archives-aube.fr/_recherche-images/download/397010/image/66908/0/full/max/0/default.jpg
Aube|4|42|387_GG_TA_03|Saint-Frobert (TROYES)|1611 - 1620|Baptême|176|https://www.archives-aube.fr/_recherche-images/download/396181/image/66173/0/full/max/0/default.jpg
Aube|4|43|387_GG_TA_04|Saint-Frobert (TROYES)|1631 - 1640|Baptême|184|https://www.archives-aube.fr/_recherche-images/download/396198/image/66190/0/full/max/0/default.jpg
Aube|4|45|387_GG_TA_06|Saint-Frobert (TROYES)|1651 - 1660|Baptême|175|https://www.archives-aube.fr/_recherche-images/download/396232/image/66224/0/full/max/0/default.jpg
Aube|4|54|387_GG_TA_39|Saint-Frobert (TROYES)|1671 - 1680|Décès|148|https://www.archives-aube.fr/_recherche-images/download/396824/image/66722/0/full/max/0/default.jpg
Aube|4|58|387_GG_TA_09|Saint-Frobert (TROYES)|1681 - 1690|Baptême|155|https://www.archives-aube.fr/_recherche-images/download/396283/image/66275/0/full/max/0/default.jpg
Aube|4|61|387_GG_TA_10|Saint-Frobert (TROYES)|1691 - 1700|Baptême|141|https://www.archives-aube.fr/_recherche-images/download/396300/image/66292/0/full/max/0/default.jpg
Aube|4|63|387_GG_TA_41|Saint-Frobert (TROYES)|1691 - 1700|Décès|154|https://www.archives-aube.fr/_recherche-images/download/396858/image/66756/0/full/max/0/default.jpg
Aube|5|36|387_GG_TA_18|Saint-Frobert (TROYES)|1771 - 1780|Baptême|200|https://www.archives-aube.fr/_recherche-images/download/396436/image/66428/0/full/max/0/default.jpg
Aube|5|39|387_GG_TA_49|Saint-Frobert (TROYES)|1771 - 1780|Décès|148|https://archives-aube.fr/_recherche-images/download/396994/image/66892/0/full/max/0/default.jpg
Aube|5|76|387_GG_TA_39|Saint-Gilles (TROYES)|1671 - 1680|Décès|148|https://www.archives-aube.fr/_recherche-images/download/396825/image/66723/0/full/max/0/default.jpg
Aube|6|6|387_GG_TA_17|Saint-Gilles (TROYES)|1761 - 1770|Baptême|141|https://www.archives-aube.fr/_recherche-images/download/396420/image/66412/0/full/max/0/default.jpg
Aube|6|16|387_GG_TA_50|Saint-Gilles (TROYES)|1781 - 1792|Décès|195|https://www.archives-aube.fr/_recherche-images/download/397012/image/66910/0/full/max/0/default.jpg
Aube|6|25|387_GG_09_05|Saint-Jacques-aux-Nonnains (TROYES)|1599 - 1606|Baptême|86|https://www.archives-aube.fr/_recherche-images/download/395056/image/65049/0/full/max/0/default.jpg
Aube|6|58|387_GG_09_15|Saint-Jacques-aux-Nonnains (TROYES)|1708 - 1724|Baptême_Mariage_Sépulture|299|https://archives-aube.fr/_recherche-images/download/395067/image/65060/0/full/max/0/default.jpg
Aube|6|70|387_GG_09_18|Saint-Jacques-aux-Nonnains (TROYES)|1739 - 1748|Baptême_Mariage_Sépulture|255|https://archives-aube.fr/_recherche-images/download/395070/image/65063/0/full/max/0/default.jpg
Aube|6|71|387_GG_TA_15|Saint-Jacques-aux-Nonnains (TROYES)|1741 - 1750|Baptême|139|https://www.archives-aube.fr/_recherche-images/download/396389/image/66381/0/full/max/0/default.jpg
Aube|6|78|387_GG_TA_32|Saint-Jacques-aux-Nonnains (TROYES)|1751 - 1760|Mariage|44|https://www.archives-aube.fr/_recherche-images/download/396740/image/66638/0/full/max/0/default.jpg
Aube|6|79|387_GG_TA_47|Saint-Jacques-aux-Nonnains (TROYES)|1751 - 1760|Décès|143|https://www.archives-aube.fr/_recherche-images/download/396964/image/66862/0/full/max/0/default.jpg
Aube|6|88|387_GG_09_24|Saint-Jacques-aux-Nonnains (TROYES)|1773 - 1779|Baptême_Mariage_Sépulture|217|https://www.archives-aube.fr/_recherche-images/download/395076/image/65069/0/full/max/0/default.jpg
Aube|6|92|387_GG_TA_50|Saint-Jacques-aux-Nonnains (TROYES)|1781 - 1792|Décès|195|https://www.archives-aube.fr/_recherche-images/download/397015/image/66913/0/full/max/0/default.jpg
Aube|6|94|387_GG_07_02|Saint-Jean (TROYES)|1541 - 1543|Baptême|104|https://www.archives-aube.fr/_recherche-images/download/396556/image/64905/0/full/max/0/default.jpg
Aube|6|95|387_GG_07_03|Saint-Jean (TROYES)|1543 - 1546|Baptême|99|https://www.archives-aube.fr/_recherche-images/download/396557/image/64906/0/full/max/0/default.jpg
Aube|6|97|387_GG_07_05|Saint-Jean (TROYES)|1557 - 1561|Baptême|188|https://www.archives-aube.fr/_recherche-images/download/396559/image/64908/0/full/max/0/default.jpg
Aube|7|10|387_GG_07_17|Saint-Jean (TROYES)|1600 - 1605|Baptême|187|https://www.archives-aube.fr/_recherche-images/download/396571/image/64920/0/full/max/0/default.jpg
Aube|7|11|387_GG_07_135|Saint-Jean (TROYES)|1600 - 1649|Baptême_Mariage|288|https://www.archives-aube.fr/_recherche-images/download/397093/image/66991/0/full/max/0/default.jpg
Aube|7|38|387_GG_07_29|Saint-Jean (TROYES)|1661 - 1666|Baptême|167|https://www.archives-aube.fr/_recherche-images/download/396585/image/64934/0/full/max/0/default.jpg
Aube|7|59|387_GG_TA_09|Saint-Jean (TROYES)|1681 - 1690|Baptême|155|https://archives-aube.fr/_recherche-images/download/396285/image/66277/0/full/max/0/default.jpg
Aube|7|78|387_GG_07_60|Saint-Jean (TROYES)|1699 - 1702|Baptême_Mariage_Sépulture|101|https://archives-aube.fr/_recherche-images/download/394974/image/64967/0/full/max/0/default.jpg
Aube|7|93|387_GG_07_68|Saint-Jean (TROYES)|1721 - 1725|Baptême_Mariage_Sépulture|126|https://archives-aube.fr/_recherche-images/download/394982/image/64975/0/full/max/0/default.jpg
Aube|8|4|387_GG_TA_45|Saint-Jean (TROYES)|1731 - 1740|Décès|142|https://www.archives-aube.fr/_recherche-images/download/396928/image/66826/0/full/max/0/default.jpg
Aube|8|38|387_GG_07_101|Saint-Jean (TROYES)|1759 - 1759|Baptême_Mariage_Sépulture|89|https://www.archives-aube.fr/_recherche-images/download/395015/image/65008/0/full/max/0/default.jpg
Aube|8|49|387_GG_07_109|Saint-Jean (TROYES)|1767 - 1767|Baptême_Mariage_Sépulture|81|https://www.archives-aube.fr/_recherche-images/download/395023/image/65016/0/full/max/0/default.jpg
Aube|8|65|387_GG_07_123|Saint-Jean (TROYES)|1781 - 1781|Baptême_Mariage_Sépulture|90|https://archives-aube.fr/_recherche-images/download/395036/image/65029/0/full/max/0/default.jpg
Aube|8|78|387_GG_07_133|Saint-Jean (TROYES)|1791 - 1791|Baptême_Mariage_Sépulture|146|https://www.archives-aube.fr/_recherche-images/download/395046/image/65039/0/full/max/0/default.jpg
Aube|8|93|387_GG_08_03|Saint-Loup (TROYES)|1670 - 1670|Baptême_Mariage_Sépulture|7|https://www.archives-aube.fr/_recherche-images/download/395050/image/65043/0/full/max/0/default.jpg
Aube|8|96|387_GG_TA_39|Saint-Loup (TROYES)|1671 - 1680|Décès|148|https://www.archives-aube.fr/_recherche-images/download/396827/image/66725/0/full/max/0/default.jpg
Aube|8|97|387_GG_TA_09|Saint-Loup (TROYES)|1681 - 1690|Baptême|155|https://www.archives-aube.fr/_recherche-images/download/396286/image/66278/0/full/max/0/default.jpg
Aube|9|6|387_GG_TA_12|Saint-Loup (TROYES)|1711 - 1720|Baptême|118|https://www.archives-aube.fr/_recherche-images/download/396337/image/66329/0/full/max/0/default.jpg
Aube|9|13|387_GG_TA_30|Saint-Loup (TROYES)|1731 - 1740|Mariage|33|https://www.archives-aube.fr/_recherche-images/download/396705/image/66603/0/full/max/0/default.jpg
Aube|9|14|387_GG_TA_45|Saint-Loup (TROYES)|1731 - 1740|Décès|142|https://www.archives-aube.fr/_recherche-images/download/396929/image/66827/0/full/max/0/default.jpg
Aube|9|60|387_GG_11_01|Saint-Martin (TROYES)|1721 - 1730|Baptême_Mariage_Sépulture|140|https://www.archives-aube.fr/_recherche-images/download/397106/image/67004/0/full/max/0/default.jpg
Aube|9|72|387_GG_11_04|Saint-Martin (TROYES)|1751 - 1760|Baptême_Mariage_Sépulture|172|https://www.archives-aube.fr/_recherche-images/download/397109/image/67007/0/full/max/0/default.jpg
Aube|9|82|387_GG_TA_19|Saint-Martin (TROYES)|1781 - 1792|Naissance|254|https://www.archives-aube.fr/_recherche-images/download/396459/image/66451/0/full/max/0/default.jpg
Aube|10|2|387_GG_11_25|Saint-Martin (TROYES)|1796 - 1797|Naissance_Mariage_Décès|71|https://www.archives-aube.fr/_recherche-images/download/397130/image/67028/0/full/max/0/default.jpg
Aube|10|9|387_GG_11_86|Saint-Martin (TROYES)|1802 - 1853|Baptême_Mariage_Sépulture|160|https://www.archives-aube.fr/_recherche-images/download/397191/image/67089/0/full/max/0/default.jpg
Aube|10|50|387_GG_11_73|Saint-Martin (TROYES)|1845 - 1845|Naissance_Mariage_Décès|86|https://www.archives-aube.fr/_recherche-images/download/397178/image/67076/0/full/max/0/default.jpg
Aube|10|58|387_GG_11_81|Saint-Martin (TROYES)|1853 - 1853|Naissance_Mariage_Décès|107|https://www.archives-aube.fr/_recherche-images/download/397186/image/67084/0/full/max/0/default.jpg
Aube|10|60|387_GG_11_82|Saint-Martin (TROYES)|1854 - 1854|Naissance_Mariage_Décès|105|https://www.archives-aube.fr/_recherche-images/download/397187/image/67085/0/full/max/0/default.jpg
Aube|10|74|387_GG_TA_08|Saint-Nicolas (TROYES)|1671 - 1680|Baptême|174|https://www.archives-aube.fr/_recherche-images/download/396273/image/66265/0/full/max/0/default.jpg
Aube|10|80|387_GG_TA_40|Saint-Nicolas (TROYES)|1681 - 1690|Décès|126|https://www.archives-aube.fr/_recherche-images/download/396848/image/66746/0/full/max/0/default.jpg
Aube|10|94|387_GG_12_07|Saint-Nicolas (TROYES)|1719 - 1722|Mariage_Sépulture|30|https://www.archives-aube.fr/_recherche-images/download/395132/image/65125/0/full/max/0/default.jpg
Aube|10|97|387_GG_TA_44|Saint-Nicolas (TROYES)|1721 - 1730|Décès|136|https://www.archives-aube.fr/_recherche-images/download/396916/image/66814/0/full/max/0/default.jpg
Aube|10|99|387_GG_TA_14|Saint-Nicolas (TROYES)|1731 - 1740|Baptême|140|https://www.archives-aube.fr/_recherche-images/download/396375/image/66367/0/full/max/0/default.jpg
Aube|11|4|387_GG_TA_31|Saint-Nicolas (TROYES)|1741 - 1750|Mariage|43|https://www.archives-aube.fr/_recherche-images/download/396726/image/66624/0/full/max/0/default.jpg
Aube|11|10|387_GG_TA_17|Saint-Nicolas (TROYES)|1761 - 1770|Baptême|141|https://www.archives-aube.fr/_recherche-images/download/396426/image/66418/0/full/max/0/default.jpg
Aube|11|13|387_GG_12_11|Saint-Nicolas (TROYES)|1770 - 1779|Baptême_Mariage_Sépulture|235|https://www.archives-aube.fr/_recherche-images/download/395136/image/65129/0/full/max/0/default.jpg
Aube|11|14|387_GG_TA_18|Saint-Nicolas (TROYES)|1771 - 1780|Baptême|200|https://www.archives-aube.fr/_recherche-images/download/396443/image/66435/0/full/max/0/default.jpg
Aube|11|15|387_GG_TA_34|Saint-Nicolas (TROYES)|1771 - 1780|Mariage|55|https://www.archives-aube.fr/_recherche-images/download/396777/image/66675/0/full/max/0/default.jpg
Aube|11|16|387_GG_TA_49|Saint-Nicolas (TROYES)|1771 - 1780|Décès|148|https://www.archives-aube.fr/_recherche-images/download/397001/image/66899/0/full/max/0/default.jpg
Aube|11|18|387_GG_TA_19|Saint-Nicolas (TROYES)|1781 - 1792|Naissance|254|https://www.archives-aube.fr/_recherche-images/download/396460/image/66452/0/full/max/0/default.jpg
Aube|11|20|387_GG_TA_50|Saint-Nicolas (TROYES)|1781 - 1792|Décès|195|https://www.archives-aube.fr/_recherche-images/download/397018/image/66916/0/full/max/0/default.jpg
Aube|11|21|387_GG_12_13|Saint-Nicolas (TROYES)|1790 - 1791|Baptême_Mariage_Sépulture|30|https://www.archives-aube.fr/_recherche-images/download/395138/image/65131/0/full/max/0/default.jpg
Aube|11|22|387_GG_13_01|Saint-Nizier (TROYES)|1581 - 1594|Baptême|197|https://www.archives-aube.fr/_recherche-images/download/395139/image/65132/0/full/max/0/default.jpg
Aube|11|23|387_GG_TA_38|Saint-Nizier (TROYES)|1587 - 1670|Décès|126|https://www.archives-aube.fr/_recherche-images/download/396815/image/66713/0/full/max/0/default.jpg
Aube|11|24|387_GG_13_02|Saint-Nizier (TROYES)|1594 - 1605|Baptême|200|https://www.archives-aube.fr/_recherche-images/download/395140/image/65133/0/full/max/0/default.jpg
Aube|11|25|387_GG_TA_01|Saint-Nizier (TROYES)|1601 - 1610|Baptême|180|https://www.archives-aube.fr/_recherche-images/download/396155/image/66147/0/full/max/0/default.jpg
Aube|11|26|387_GG_13_03|Saint-Nizier (TROYES)|1605 - 1616|Baptême|195|https://www.archives-aube.fr/_recherche-images/download/395141/image/65134/0/full/max/0/default.jpg
Aube|11|27|387_GG_TA_22|Saint-Nizier (TROYES)|1608 - 1660|Mariage|82|https://www.archives-aube.fr/_recherche-images/download/396480/image/66472/0/full/max/0/default.jpg
Aube|11|29|387_GG_TA_03|Saint-Nizier (TROYES)|1611 - 1620|Baptême|176|https://www.archives-aube.fr/_recherche-images/download/396189/image/66181/0/full/max/0/default.jpg
Aube|11|30|387_GG_13_04|Saint-Nizier (TROYES)|1616 - 1630|Baptême|191|https://www.archives-aube.fr/_recherche-images/download/395143/image/65136/0/full/max/0/default.jpg
Aube|11|31|387_GG_13_03bis|Saint-Nizier (TROYES)|1624 - 1642|Mariage|118|https://www.archives-aube.fr/_recherche-images/download/395142/image/65135/0/full/max/0/default.jpg
Aube|11|32|387_GG_13_05|Saint-Nizier (TROYES)|1630 - 1645|Baptême|192|https://www.archives-aube.fr/_recherche-images/download/395145/image/65138/0/full/max/0/default.jpg
Aube|11|33|387_GG_TA_04|Saint-Nizier (TROYES)|1631 - 1640|Baptême|184|https://www.archives-aube.fr/_recherche-images/download/396206/image/66198/0/full/max/0/default.jpg
Aube|11|34|387_GG_TA_05|Saint-Nizier (TROYES)|1641 - 1650|Baptême|198|https://www.archives-aube.fr/_recherche-images/download/396223/image/66215/0/full/max/0/default.jpg
Aube|11|35|387_GG_13_04bis|Saint-Nizier (TROYES)|1645 - 1661|Mariage|91|https://www.archives-aube.fr/_recherche-images/download/395144/image/65137/0/full/max/0/default.jpg
Aube|11|36|387_GG_13_06|Saint-Nizier (TROYES)|1645 - 1668|Baptême_Mariage|280|https://www.archives-aube.fr/_recherche-images/download/395147/image/65140/0/full/max/0/default.jpg
Aube|11|38|387_GG_TA_06|Saint-Nizier (TROYES)|1651 - 1660|Baptême|175|https://www.archives-aube.fr/_recherche-images/download/396240/image/66232/0/full/max/0/default.jpg
Aube|11|39|387_GG_13_05bis|Saint-Nizier (TROYES)|1661 - 1670|Mariage|97|https://www.archives-aube.fr/_recherche-images/download/395146/image/65139/0/full/max/0/default.jpg
Aube|11|40|387_GG_TA_07|Saint-Nizier (TROYES)|1661 - 1670|Baptême|191|https://www.archives-aube.fr/_recherche-images/download/396257/image/66249/0/full/max/0/default.jpg
Aube|11|41|387_GG_TA_23|Saint-Nizier (TROYES)|1661 - 1670|Mariage|50|https://www.archives-aube.fr/_recherche-images/download/396497/image/66489/0/full/max/0/default.jpg
Aube|11|42|387_GG_13_07|Saint-Nizier (TROYES)|1668 - 1669|Baptême_Mariage_Sépulture|129|https://www.archives-aube.fr/_recherche-images/download/395149/image/65142/0/full/max/0/default.jpg
Aube|11|43|387_GG_TA13_01|Saint-Nizier (TROYES)|1668 - 1718|Baptême_Mariage_Sépulture|219|https://www.archives-aube.fr/_recherche-images/download/397103/image/67001/0/full/max/0/default.jpg
Aube|11|44|387_GG_13_08|Saint-Nizier (TROYES)|1669 - 1670|Baptême_Mariage_Sépulture|92|https://www.archives-aube.fr/_recherche-images/download/395150/image/65143/0/full/max/0/default.jpg
Aube|11|45|387_GG_13_09|Saint-Nizier (TROYES)|1670 - 1670|Baptême_Mariage_Sépulture|95|https://www.archives-aube.fr/_recherche-images/download/395151/image/65144/0/full/max/0/default.jpg
Aube|11|46|387_GG_13_10|Saint-Nizier (TROYES)|1670 - 1671|Baptême_Mariage_Sépulture|95|https://www.archives-aube.fr/_recherche-images/download/395152/image/65145/0/full/max/0/default.jpg
Aube|11|47|387_GG_TA_08|Saint-Nizier (TROYES)|1671 - 1680|Baptême|174|https://www.archives-aube.fr/_recherche-images/download/396274/image/66266/0/full/max/0/default.jpg
Aube|11|48|387_GG_TA_24|Saint-Nizier (TROYES)|1671 - 1680|Mariage|33|https://www.archives-aube.fr/_recherche-images/download/396608/image/66506/0/full/max/0/default.jpg
Aube|11|49|387_GG_TA_39|Saint-Nizier (TROYES)|1671 - 1680|Décès|148|https://www.archives-aube.fr/_recherche-images/download/396832/image/66730/0/full/max/0/default.jpg
Aube|11|56|387_GG_13_17|Saint-Nizier (TROYES)|1678 - 1678|Baptême_Mariage_Sépulture_Table alphabétique|53|https://www.archives-aube.fr/_recherche-images/download/395159/image/65152/0/full/max/0/default.jpg
Aube|11|62|387_GG_TA_40|Saint-Nizier (TROYES)|1681 - 1690|Décès|126|https://www.archives-aube.fr/_recherche-images/download/396849/image/66747/0/full/max/0/default.jpg
Aube|11|72|387_GG_TA_41|Saint-Nizier (TROYES)|1691 - 1700|Décès|154|https://www.archives-aube.fr/_recherche-images/download/396866/image/66764/0/full/max/0/default.jpg
Aube|11|92|387_GG_13_40|Saint-Nizier (TROYES)|1713 - 1714|Baptême_Mariage_Sépulture_Table alphabétique|36|https://www.archives-aube.fr/_recherche-images/download/395184/image/65177/0/full/max/0/default.jpg
Aube|12|3|387_GG_13_48|Saint-Nizier (TROYES)|1723 - 1724|Baptême_Mariage_Sépulture_Table alphabétique|78|https://www.archives-aube.fr/_recherche-images/download/395192/image/65185/0/full/max/0/default.jpg
Aube|12|6|387_GG_13_51|Saint-Nizier (TROYES)|1726 - 1727|Baptême_Mariage_Sépulture_Table alphabétique|63|https://www.archives-aube.fr/_recherche-images/download/395195/image/65188/0/full/max/0/default.jpg
Aube|12|14|387_GG_TA_45|Saint-Nizier (TROYES)|1731 - 1740|Décès|142|https://www.archives-aube.fr/_recherche-images/download/396934/image/66832/0/full/max/0/default.jpg
Aube|12|42|387_GG_13_78|Saint-Nizier (TROYES)|1753 - 1753|Baptême_Mariage_Sépulture|60|https://www.archives-aube.fr/_recherche-images/download/395222/image/65215/0/full/max/0/default.jpg
Aube|12|50|387_GG_13_86|Saint-Nizier (TROYES)|1761 - 1761|Baptême_Mariage_Sépulture_Table alphabétique|59|https://www.archives-aube.fr/_recherche-images/download/395230/image/65223/0/full/max/0/default.jpg
Aube|12|51|387_GG_TA_17|Saint-Nizier (TROYES)|1761 - 1770|Baptême|141|https://www.archives-aube.fr/_recherche-images/download/396427/image/66419/0/full/max/0/default.jpg
Aube|12|58|387_GG_13_91|Saint-Nizier (TROYES)|1766 - 1767|Baptême_Mariage_Sépulture_Table alphabétique|67|https://www.archives-aube.fr/_recherche-images/download/395235/image/65228/0/full/max/0/default.jpg
Aube|12|61|387_GG_13_94|Saint-Nizier (TROYES)|1769 - 1769|Baptême_Mariage_Sépulture_Table alphabétique|54|https://www.archives-aube.fr/_recherche-images/download/395238/image/65231/0/full/max/0/default.jpg
Aube|12|66|387_GG_TA_49|Saint-Nizier (TROYES)|1771 - 1780|Décès|148|https://www.archives-aube.fr/_recherche-images/download/397002/image/66900/0/full/max/0/default.jpg
Aube|12|71|387_GG_13_101|Saint-Nizier (TROYES)|1776 - 1776|Baptême_Mariage_Sépulture_Table alphabétique|80|https://www.archives-aube.fr/_recherche-images/download/395245/image/65238/0/full/max/0/default.jpg
Aube|12|72|387_GG_13_102|Saint-Nizier (TROYES)|1777 - 1777|Baptême_Mariage_Sépulture_Table alphabétique|91|https://www.archives-aube.fr/_recherche-images/download/395246/image/65239/0/full/max/0/default.jpg
Aube|12|76|387_GG_13_106|Saint-Nizier (TROYES)|1781 - 1781|Baptême_Mariage_Sépulture_Table alphabétique|95|https://www.archives-aube.fr/_recherche-images/download/395250/image/65243/0/full/max/0/default.jpg
Aube|12|88|387_GG_13_115|Saint-Nizier (TROYES)|1790 - 1790|Baptême_Mariage_Sépulture_Table alphabétique|106|https://www.archives-aube.fr/_recherche-images/download/395259/image/65252/0/full/max/0/default.jpg
Aube|12|93|387_GG_18_03|Saint-Pantaleon (TROYES)|1671 - 1679|Sépulture_Mariage|68|https://www.archives-aube.fr/_recherche-images/download/395338/image/65331/0/full/max/0/default.jpg
Aube|13|6|387_GG_18_15|Saint-Pantaleon (TROYES)|1734 - 1750|Baptême_Mariage_Sépulture|202|https://www.archives-aube.fr/_recherche-images/download/395351/image/65344/0/full/max/0/default.jpg
Aube|13|7|387_GG_18_16|Saint-Pantaleon (TROYES)|1751 - 1763|Baptême_Mariage_Sépulture|306|https://www.archives-aube.fr/_recherche-images/download/395352/image/65345/0/full/max/0/default.jpg
Aube|13|8|387_GG_18_18|Saint-Pantaleon (TROYES)|1775 - 1783|Baptême_Mariage_Sépulture|280|https://www.archives-aube.fr/_recherche-images/download/395354/image/65347/0/full/max/0/default.jpg
Aube|13|9|387_GG_18_19|Saint-Pantaleon (TROYES)|1784 - 1789|Baptême_Mariage_Sépulture|348|https://www.archives-aube.fr/_recherche-images/download/395355/image/65348/0/full/max/0/default.jpg
Aube|13|12|387_GG_18_22|Saint-Pantaleon (TROYES)|1792 - 1792|Baptême_Mariage_Sépulture|104|https://www.archives-aube.fr/_recherche-images/download/395358/image/65351/0/full/max/0/default.jpg
Aube|13|15|387_GG_TA_01|Saint-Pierre (TROYES)|1601 - 1610|Baptême|180|https://www.archives-aube.fr/_recherche-images/download/396156/image/66148/0/full/max/0/default.jpg
Aube|13|16|387_GG_TA_22|Saint-Pierre (TROYES)|1608 - 1660|Mariage|82|https://www.archives-aube.fr/_recherche-images/download/396481/image/66473/0/full/max/0/default.jpg
Aube|13|18|387_GG_TA_03|Saint-Pierre (TROYES)|1611 - 1620|Baptême|176|https://www.archives-aube.fr/_recherche-images/download/396190/image/66182/0/full/max/0/default.jpg
Aube|13|19|387_GG_TA_04|Saint-Pierre (TROYES)|1631 - 1640|Baptême|184|https://www.archives-aube.fr/_recherche-images/download/396207/image/66199/0/full/max/0/default.jpg
Aube|13|20|387_GG_TA_05|Saint-Pierre (TROYES)|1641 - 1650|Baptême|198|https://www.archives-aube.fr/_recherche-images/download/396224/image/66216/0/full/max/0/default.jpg
Aube|13|22|387_GG_TA_07|Saint-Pierre (TROYES)|1661 - 1670|Baptême|191|https://www.archives-aube.fr/_recherche-images/download/396258/image/66250/0/full/max/0/default.jpg
Aube|13|23|387_GG_TA_23|Saint-Pierre (TROYES)|1661 - 1670|Mariage|50|https://www.archives-aube.fr/_recherche-images/download/396498/image/66490/0/full/max/0/default.jpg
Aube|13|25|387_GG_TA_24|Saint-Pierre (TROYES)|1671 - 1680|Mariage|33|https://www.archives-aube.fr/_recherche-images/download/396609/image/66507/0/full/max/0/default.jpg
Aube|13|30|387_GG_TA_10|Saint-Pierre (TROYES)|1691 - 1700|Baptême|141|https://www.archives-aube.fr/_recherche-images/download/396309/image/66301/0/full/max/0/default.jpg
Aube|13|33|387_GG_14_01|Saint-Pierre (TROYES)|1692 - 1770|Baptême_Mariage_Sépulture|238|https://www.archives-aube.fr/_recherche-images/download/395261/image/65254/0/full/max/0/default.jpg
Aube|13|36|387_GG_TA_42|Saint-Pierre (TROYES)|1701 - 1710|Décès|160|https://www.archives-aube.fr/_recherche-images/download/396884/image/66782/0/full/max/0/default.jpg
Aube|13|39|387_GG_TA_43|Saint-Pierre (TROYES)|1711 - 1720|Décès|129|https://www.archives-aube.fr/_recherche-images/download/396901/image/66799/0/full/max/0/default.jpg
Aube|13|42|387_GG_TA_44|Saint-Pierre (TROYES)|1721 - 1730|Décès|136|https://www.archives-aube.fr/_recherche-images/download/396918/image/66816/0/full/max/0/default.jpg
Aube|13|45|387_GG_TA_45|Saint-Pierre (TROYES)|1731 - 1740|Décès|142|https://www.archives-aube.fr/_recherche-images/download/396935/image/66833/0/full/max/0/default.jpg
Aube|13|46|387_GG_TA_15|Saint-Pierre (TROYES)|1741 - 1750|Baptême|139|https://www.archives-aube.fr/_recherche-images/download/396394/image/66386/0/full/max/0/default.jpg
Aube|13|61|387_GG_TA_50|Saint-Pierre (TROYES)|1781 - 1792|Décès|195|https://www.archives-aube.fr/_recherche-images/download/397020/image/66918/0/full/max/0/default.jpg
Aube|13|65|387_GG_15_03|Saint-Rémi (TROYES)|1587 - 1599|Baptême|182|https://www.archives-aube.fr/_recherche-images/download/395266/image/65259/0/full/max/0/default.jpg
Aube|13|66|387_GG_TA_38|Saint-Rémi (TROYES)|1587 - 1670|Décès|126|https://www.archives-aube.fr/_recherche-images/download/396817/image/66715/0/full/max/0/default.jpg
Aube|13|72|387_GG_15_05|Saint-Rémi (TROYES)|1612 - 1618|Baptême|138|https://www.archives-aube.fr/_recherche-images/download/395268/image/65261/0/full/max/0/default.jpg
Aube|13|73|387_GG_15_06|Saint-Rémi (TROYES)|1619 - 1632|Baptême|271|https://www.archives-aube.fr/_recherche-images/download/395269/image/65262/0/full/max/0/default.jpg
Aube|13|77|387_GG_TA_05|Saint-Rémi (TROYES)|1641 - 1650|Baptême|198|https://www.archives-aube.fr/_recherche-images/download/396225/image/66217/0/full/max/0/default.jpg
Aube|13|78|387_GG_15_09|Saint-Rémi (TROYES)|1644 - 1667|Baptême|93|https://archives-aube.fr/_recherche-images/download/395272/image/65265/0/full/max/0/default.jpg
Aube|13|79|387_GG_TA_06|Saint-Rémi (TROYES)|1651 - 1660|Baptême|175|https://www.archives-aube.fr/_recherche-images/download/396242/image/66234/0/full/max/0/default.jpg
Aube|13|88|387_GG_15_12|Saint-Rémi (TROYES)|1674 - 1680|Baptême_Mariage_Sépulture|175|https://www.archives-aube.fr/_recherche-images/download/395276/image/65269/0/full/max/0/default.jpg
Aube|13|92|387_GG_TA_40|Saint-Rémi (TROYES)|1681 - 1690|Décès|126|https://www.archives-aube.fr/_recherche-images/download/396851/image/66749/0/full/max/0/default.jpg
Aube|13|93|387_GG_15_14|Saint-Rémi (TROYES)|1691 - 1701|Baptême_Mariage_Sépulture|278|https://www.archives-aube.fr/_recherche-images/download/395278/image/65271/0/full/max/0/default.jpg
Aube|13|94|387_GG_TA_10|Saint-Rémi (TROYES)|1691 - 1700|Baptême|141|https://www.archives-aube.fr/_recherche-images/download/396310/image/66302/0/full/max/0/default.jpg
Aube|13|95|387_GG_TA_26|Saint-Rémi (TROYES)|1691 - 1700|Mariage|37|https://www.archives-aube.fr/_recherche-images/download/396644/image/66542/0/full/max/0/default.jpg
Aube|13|96|387_GG_TA_41|Saint-Rémi (TROYES)|1691 - 1700|Décès|154|https://www.archives-aube.fr/_recherche-images/download/396868/image/66766/0/full/max/0/default.jpg
Aube|13|99|387_GG_TA_27|Saint-Rémi (TROYES)|1701 - 1710|Mariage|39|https://www.archives-aube.fr/_recherche-images/download/396661/image/66559/0/full/max/0/default.jpg
Aube|14|0|387_GG_TA_42|Saint-Rémi (TROYES)|1701 - 1710|Décès|160|https://www.archives-aube.fr/_recherche-images/download/396885/image/66783/0/full/max/0/default.jpg
Aube|14|4|387_GG_TA_12|Saint-Rémi (TROYES)|1711 - 1720|Baptême|118|https://www.archives-aube.fr/_recherche-images/download/396344/image/66336/0/full/max/0/default.jpg
Aube|14|6|387_GG_TA_43|Saint-Rémi (TROYES)|1711 - 1720|Décès|129|https://www.archives-aube.fr/_recherche-images/download/396902/image/66800/0/full/max/0/default.jpg
Aube|14|7|387_GG_15_17|Saint-Rémi (TROYES)|1721 - 1731|Baptême_Mariage_Sépulture|228|https://www.archives-aube.fr/_recherche-images/download/395282/image/65275/0/full/max/0/default.jpg
Aube|14|11|387_GG_15_18|Saint-Rémi (TROYES)|1731 - 1740|Baptême_Mariage_Sépulture|259|https://www.archives-aube.fr/_recherche-images/download/395283/image/65276/0/full/max/0/default.jpg
Aube|14|19|387_GG_15_20|Saint-Rémi (TROYES)|1751 - 1760|Baptême_Mariage_Sépulture|323|https://www.archives-aube.fr/_recherche-images/download/395285/image/65278/0/full/max/0/default.jpg
Aube|14|23|387_GG_15_21|Saint-Rémi (TROYES)|1761 - 1770|Baptême_Mariage_Sépulture|422|https://www.archives-aube.fr/_recherche-images/download/395286/image/65279/0/full/max/0/default.jpg
Aube|14|24|387_GG_TA_17|Saint-Rémi (TROYES)|1761 - 1770|Baptême|141|https://www.archives-aube.fr/_recherche-images/download/396429/image/66421/0/full/max/0/default.jpg
Aube|14|27|387_GG_15_22|Saint-Rémi (TROYES)|1771 - 1780|Baptême_Mariage_Sépulture|434|https://www.archives-aube.fr/_recherche-images/download/395287/image/65280/0/full/max/0/default.jpg
Aube|14|34|387_GG_TA_50|Saint-Rémi (TROYES)|1781 - 1792|Décès|195|https://www.archives-aube.fr/_recherche-images/download/397021/image/66919/0/full/max/0/default.jpg
Aube|14|49|387_GG_TA_05|Saint-Urbain (TROYES)|1641 - 1650|Baptême|198|https://www.archives-aube.fr/_recherche-images/download/396226/image/66218/0/full/max/0/default.jpg
Aube|14|56|387_GG_16_01|Saint-Urbain (TROYES)|1680 - 1785|Baptême_Mariage_Sépulture|207|https://www.archives-aube.fr/_recherche-images/download/395297/image/65290/0/full/max/0/default.jpg
Aube|14|65|387_GG_TA_42|Saint-Urbain (TROYES)|1701 - 1710|Décès|160|https://www.archives-aube.fr/_recherche-images/download/396886/image/66784/0/full/max/0/default.jpg
Aube|14|67|387_GG_TA_28|Saint-Urbain (TROYES)|1711 - 1720|Mariage|37|https://www.archives-aube.fr/_recherche-images/download/396679/image/66577/0/full/max/0/default.jpg
Aube|14|74|387_GG_TA_45|Saint-Urbain (TROYES)|1731 - 1740|Décès|142|https://www.archives-aube.fr/_recherche-images/download/396937/image/66835/0/full/max/0/default.jpg
Aube|14|78|387_GG_TA_16|Saint-Urbain (TROYES)|1751 - 1760|Baptême|149|https://www.archives-aube.fr/_recherche-images/download/396413/image/66405/0/full/max/0/default.jpg
Aube|15|0|387_GG_10_10|Sainte-Madeleine (TROYES)|1616 - 1623|Baptême|118|https://www.archives-aube.fr/_recherche-images/download/395090/image/65083/0/full/max/0/default.jpg
Aube|15|1|387_GG_10_11|Sainte-Madeleine (TROYES)|1623 - 1638|Baptême|258|https://www.archives-aube.fr/_recherche-images/download/395091/image/65084/0/full/max/0/default.jpg
Aube|15|17|387_GG_10_22|Sainte-Madeleine (TROYES)|1688 - 1692|Baptême_Mariage_Sépulture|80|https://www.archives-aube.fr/_recherche-images/download/395102/image/65095/0/full/max/0/default.jpg
Aube|15|20|387_GG_10_23|Sainte-Madeleine (TROYES)|1692 - 1698|Baptême_Mariage_Sépulture|126|https://www.archives-aube.fr/_recherche-images/download/395103/image/65096/0/full/max/0/default.jpg
Aube|15|22|387_GG_TA_11|Sainte-Madeleine (TROYES)|1701 - 1710|Baptême|146|https://www.archives-aube.fr/_recherche-images/download/396322/image/66314/0/full/max/0/default.jpg
Aube|15|27|387_GG_TA_12|Sainte-Madeleine (TROYES)|1711 - 1720|Baptême|118|https://archives-aube.fr/_recherche-images/download/396339/image/66331/0/full/max/0/default.jpg
Aube|15|29|387_GG_TA_43|Sainte-Madeleine (TROYES)|1711 - 1720|Décès|129|https://www.archives-aube.fr/_recherche-images/download/396897/image/66795/0/full/max/0/default.jpg
Aube|15|37|387_GG_TA_45|Sainte-Madeleine (TROYES)|1731 - 1740|Décès|142|https://www.archives-aube.fr/_recherche-images/download/396931/image/66829/0/full/max/0/default.jpg
Aube|15|39|387_GG_TA_15|Sainte-Madeleine (TROYES)|1741 - 1750|Baptême|139|https://archives-aube.fr/_recherche-images/download/396390/image/66382/0/full/max/0/default.jpg
Aube|15|42|387_GG_10_33|Sainte-Madeleine (TROYES)|1751 - 1760|Baptême_Mariage_Sépulture|308|https://www.archives-aube.fr/_recherche-images/download/395112/image/65105/0/full/max/0/default.jpg
Aube|15|44|387_GG_TA_32|Sainte-Madeleine (TROYES)|1751 - 1760|Mariage|44|https://www.archives-aube.fr/_recherche-images/download/396741/image/66639/0/full/max/0/default.jpg
Aube|15|45|387_GG_TA_47|Sainte-Madeleine (TROYES)|1751 - 1760|Décès|143|https://www.archives-aube.fr/_recherche-images/download/396965/image/66863/0/full/max/0/default.jpg
Aube|15|46|387_GG_10_34|Sainte-Madeleine (TROYES)|1761 - 1770|Baptême_Mariage_Sépulture|348|https://www.archives-aube.fr/_recherche-images/download/395113/image/65106/0/full/max/0/default.jpg
Aube|15|50|387_GG_10_35|Sainte-Madeleine (TROYES)|1771 - 1780|Baptême_Mariage_Sépulture|370|https://www.archives-aube.fr/_recherche-images/download/395114/image/65107/0/full/max/0/default.jpg
Aube|15|52|387_GG_TA_49|Sainte-Madeleine (TROYES)|1771 - 1780|Décès|148|https://www.archives-aube.fr/_recherche-images/download/396999/image/66897/0/full/max/0/default.jpg
Aube|15|63|387_GG_10_45|Sainte-Madeleine (TROYES)|1790 - 1790|Baptême_Mariage_Sépulture|41|https://www.archives-aube.fr/_recherche-images/download/395124/image/65117/0/full/max/0/default.jpg
Aube|15|65|387_GG_TA_01|Troyes|1601 - 1610|Baptême|180|https://www.archives-aube.fr/_recherche-images/download/396159/image/66151/0/full/max/0/default.jpg
Aube|15|69|387_GG_TA_04|Troyes|1631 - 1640|Baptême|184|https://www.archives-aube.fr/_recherche-images/download/396210/image/66202/0/full/max/0/default.jpg
Aube|15|72|387_GG_TA_07|Troyes|1661 - 1670|Baptême|191|https://www.archives-aube.fr/_recherche-images/download/396261/image/66253/0/full/max/0/default.jpg
Aube|15|79|387_GG_TA_40|Troyes|1681 - 1690|Décès|126|https://www.archives-aube.fr/_recherche-images/download/396853/image/66751/0/full/max/0/default.jpg
Aube|15|82|387_GG_TA_41|Troyes|1691 - 1700|Décès|154|https://www.archives-aube.fr/_recherche-images/download/396870/image/66768/0/full/max/0/default.jpg
Aube|15|85|387_GG_TA_42|Troyes|1701 - 1710|Décès|160|https://www.archives-aube.fr/_recherche-images/download/396887/image/66785/0/full/max/0/default.jpg
Aube|16|3|387_GG_TA_48|Troyes|1761 - 1770|Décès|121|https://www.archives-aube.fr/_recherche-images/download/396989/image/66887/0/full/max/0/default.jpg
Aube|16|4|387_GG_TA_18|Troyes|1771 - 1780|Baptême|200|https://www.archives-aube.fr/_recherche-images/download/396448/image/66440/0/full/max/0/default.jpg
Aube|16|7|387_GG_TA_19|Troyes|1781 - 1792|Naissance|254|https://www.archives-aube.fr/_recherche-images/download/396465/image/66457/0/full/max/0/default.jpg
Aube|16|22|4E387_375|Troyes|1793 - 1794|Décès|352|https://www.archives-aube.fr/_recherche-images/download/395541/image/65534/0/full/max/0/default.jpg
Aube|16|25|4E387_470|Troyes|1793 - 1809|Mariage|307|https://www.archives-aube.fr/_recherche-images/download/395687/image/65680/0/full/max/0/default.jpg
Aube|16|26|4E387_474|Troyes|1793 - 1808|Décès|334|https://www.archives-aube.fr/_recherche-images/download/395691/image/65684/0/full/max/0/default.jpg
Aube|16|40|4E387_287|Troyes|1795 - 1796|Mariage|288|https://www.archives-aube.fr/_recherche-images/download/395454/image/65447/0/full/max/0/default.jpg
Aube|16|46|4E387_288|Troyes|1796 - 1797|Mariage|285|https://www.archives-aube.fr/_recherche-images/download/395455/image/65448/0/full/max/0/default.jpg
Aube|16|91|4E387_388|Troyes|1805 - 1806|Décès|434|https://www.archives-aube.fr/_recherche-images/download/395554/image/65547/0/full/max/0/default.jpg
Aube|17|2|4E387_210|Troyes|1809 - 1809|Naissance|448|https://www.archives-aube.fr/_recherche-images/download/395377/image/65370/0/full/max/0/default.jpg
Aube|17|4|4E387_391|Troyes|1809 - 1809|Décès|289|https://www.archives-aube.fr/_recherche-images/download/395557/image/65550/0/full/max/0/default.jpg
Aube|17|5|4E387_467|Troyes|1809 - 1822|Naissance|302|https://www.archives-aube.fr/_recherche-images/download/395684/image/65677/0/full/max/0/default.jpg
Aube|17|7|4E387_211|Troyes|1810 - 1810|Naissance|434|https://www.archives-aube.fr/_recherche-images/download/395378/image/65371/0/full/max/0/default.jpg
Aube|17|8|4E387_302|Troyes|1810 - 1810|Mariage|187|https://www.archives-aube.fr/_recherche-images/download/395468/image/65461/0/full/max/0/default.jpg
Aube|17|66|4E387_222|Troyes|1821 - 1821|Naissance|350|https://www.archives-aube.fr/_recherche-images/download/395389/image/65382/0/full/max/0/default.jpg
Aube|17|79|4E387_225|Troyes|1824 - 1824|Naissance|383|https://www.archives-aube.fr/_recherche-images/download/395392/image/65385/0/full/max/0/default.jpg
Aube|18|10|4E387_232|Troyes|1831 - 1831|Naissance|343|https://www.archives-aube.fr/_recherche-images/download/395399/image/65392/0/full/max/0/default.jpg
Aube|18|19|4E387_234|Troyes|1833 - 1833|Naissance|338|https://www.archives-aube.fr/_recherche-images/download/395401/image/65394/0/full/max/0/default.jpg
Aube|18|45|4E387_241|Troyes|1840 - 1840|Naissance|248|https://www.archives-aube.fr/_recherche-images/download/395408/image/65401/0/full/max/0/default.jpg
Aube|18|55|4E387_477|Troyes|1842 - 1856|Décès|413|https://www.archives-aube.fr/_recherche-images/download/395694/image/65687/0/full/max/0/default.jpg
Aube|18|57|4E387_244|Troyes|1843 - 1843|Naissance|242|https://www.archives-aube.fr/_recherche-images/download/395411/image/65404/0/full/max/0/default.jpg
Aube|18|58|4E387_335|Troyes|1843 - 1843|Mariage|301|https://www.archives-aube.fr/_recherche-images/download/395501/image/65494/0/full/max/0/default.jpg
Aube|18|60|4E387_473|Troyes|1843 - 1856|Mariage|403|https://www.archives-aube.fr/_recherche-images/download/395690/image/65683/0/full/max/0/default.jpg
Aube|18|63|4E387_426|Troyes|1844 - 1844|Décès|199|https://www.archives-aube.fr/_recherche-images/download/395593/image/65586/0/full/max/0/default.jpg
Aube|18|69|4E387_248|Troyes|1847 - 1847|Naissance|240|https://www.archives-aube.fr/_recherche-images/download/395415/image/65408/0/full/max/0/default.jpg
Aube|18|71|4E387_429|Troyes|1847 - 1847|Décès|233|https://www.archives-aube.fr/_recherche-images/download/395596/image/65589/0/full/max/0/default.jpg
Aube|18|72|4E387_340|Troyes|1848 - 1848|Mariage|158|https://www.archives-aube.fr/_recherche-images/download/395506/image/65499/0/full/max/0/default.jpg
Aube|18|77|4E387_251|Troyes|1850 - 1850|Naissance|239|https://www.archives-aube.fr/_recherche-images/download/395418/image/65411/0/full/max/0/default.jpg
Aube|18|79|4E387_432|Troyes|1850 - 1850|Décès|201|https://www.archives-aube.fr/_recherche-images/download/395599/image/65592/0/full/max/0/default.jpg
Aube|18|82|4E387_433|Troyes|1851 - 1851|Décès|213|https://www.archives-aube.fr/_recherche-images/download/395600/image/65593/0/full/max/0/default.jpg
Aube|18|86|4E387_254|Troyes|1853 - 1853|Naissance|209|https://www.archives-aube.fr/_recherche-images/download/395421/image/65414/0/full/max/0/default.jpg
Aube|18|96|4E387_348|Troyes|1856 - 1856|Mariage|456|https://www.archives-aube.fr/_recherche-images/download/395514/image/65507/0/full/max/0/default.jpg
Aube|19|0|4E387_439|Troyes|1857 - 1857|Décès|287|https://www.archives-aube.fr/_recherche-images/download/395606/image/65599/0/full/max/0/default.jpg
Aube|19|1|4E387_259|Troyes|1858 - 1858|Naissance|255|https://www.archives-aube.fr/_recherche-images/download/395426/image/65419/0/full/max/0/default.jpg
Aube|19|7|4E387_261|Troyes|1860 - 1860|Naissance|250|https://www.archives-aube.fr/_recherche-images/download/395428/image/65421/0/full/max/0/default.jpg
Aube|19|11|4E387_443|Troyes|1861 - 1861|Décès|278|https://www.archives-aube.fr/_recherche-images/download/395610/image/65603/0/full/max/0/default.jpg
Aube|19|16|4E387_355|Troyes|1863 - 1863|Mariage|231|https://www.archives-aube.fr/_recherche-images/download/395521/image/65514/0/full/max/0/default.jpg
Aube|19|20|4E387_356|Troyes|1864 - 1864|Mariage|212|https://www.archives-aube.fr/_recherche-images/download/395522/image/65515/0/full/max/0/default.jpg
Aube|19|37|4E387_452|Troyes|1870 - 1870|Décès|455|https://www.archives-aube.fr/_recherche-images/download/395619/image/65612/0/full/max/0/default.jpg
Aube|19|41|4E387_273|Troyes|1872 - 1872|Naissance|273|https://www.archives-aube.fr/_recherche-images/download/395440/image/65433/0/full/max/0/default.jpg
Aube|19|52|4E387_457|Troyes|1875 - 1875|Décès|328|https://www.archives-aube.fr/_recherche-images/download/395624/image/65617/0/full/max/0/default.jpg
Aube|19|53|4E387_277|Troyes|1876 - 1876|Naissance|300|https://www.archives-aube.fr/_recherche-images/download/395444/image/65437/0/full/max/0/default.jpg
Aube|19|58|4E387_279|Troyes|1878 - 1878|Naissance|289|https://www.archives-aube.fr/_recherche-images/download/395446/image/65439/0/full/max/0/default.jpg
Aube|19|63|4E387_281|Troyes|1880 - 1880|Naissance|313|https://www.archives-aube.fr/_recherche-images/download/395448/image/65441/0/full/max/0/default.jpg
Aube|19|66|4E387_282|Troyes|1881 - 1881|Naissance|343|https://www.archives-aube.fr/_recherche-images/download/395449/image/65442/0/full/max/0/default.jpg
Aube|19|71|4E387_479|Troyes|1883 - 1883|Naissance|364|https://www.archives-aube.fr/_recherche-images/download/395632/image/65625/0/full/max/0/default.jpg
Aube|19|72|4E387_481|Troyes|1883 - 1883|Décès|368|https://www.archives-aube.fr/_recherche-images/download/395634/image/65627/0/full/max/0/default.jpg
Aube|19|74|4E387_483|Troyes|Naissances (19 octobre au 31 décembre 1884) - Mariage (1884)|Naissance_Mariage|463|https://www.archives-aube.fr/_recherche-images/download/395637/image/65630/0/full/max/0/default.jpg
Aube|19|76|4E387_485|Troyes|1885 - 1885|Naissance|362|https://www.archives-aube.fr/_recherche-images/download/395639/image/65632/0/full/max/0/default.jpg
Aube|19|83|4E387_493|Troyes|1887 - 1887|Décès|361|https://www.archives-aube.fr/_recherche-images/download/395647/image/65640/0/full/max/0/default.jpg
Aube|19|86|4E387_496|Troyes|1888 - 1888|Décès|376|https://www.archives-aube.fr/_recherche-images/download/395651/image/65644/0/full/max/0/default.jpg
Aube|19|87|4E387_497|Troyes|1889 - 1889|Naissance|400|https://www.archives-aube.fr/_recherche-images/download/395652/image/65645/0/full/max/0/default.jpg
Aube|19|89|4E387_503|Troyes|1891 - 1891|Naissance|395|https://www.archives-aube.fr/_recherche-images/download/395658/image/65651/0/full/max/0/default.jpg
Aube|19|93|4E387_508|Troyes|1892 - 1892|Décès|438|https://www.archives-aube.fr/_recherche-images/download/395663/image/65656/0/full/max/0/default.jpg
Aube|19|96|4E387_521|Troyes|1893 - 1893|Décès|435|https://www.archives-aube.fr/_recherche-images/download/395676/image/65669/0/full/max/0/default.jpg
Aube|19|97|4E387_510|Troyes|1894 - 1894|Naissance|383|https://www.archives-aube.fr/_recherche-images/download/395665/image/65658/0/full/max/0/default.jpg
Aube|20|1|4E387_523|Troyes|1895 - 1895|Décès|414|https://www.archives-aube.fr/_recherche-images/download/395678/image/65671/0/full/max/0/default.jpg
Aube|20|9|4E387_520|Troyes|1898 - 1898|Mariage|446|https://www.archives-aube.fr/_recherche-images/download/395675/image/65668/0/full/max/0/default.jpg
Aube|20|10|4E387_526|Troyes|1898 - 1898|Décès|385|https://www.archives-aube.fr/_recherche-images/download/395681/image/65674/0/full/max/0/default.jpg
Aube|20|11|387_E_350|Troyes|1900 - 1900|Mariage|411|https://www.archives-aube.fr/_recherche-images/download/395699/image/65692/0/full/max/0/default.jpg
Aube|20|15|387_E_354|Troyes|1901 - 1901|Décès|340|https://www.archives-aube.fr/_recherche-images/download/395703/image/65696/0/full/max/0/default.jpg
Aube|20|17|387_E_356|Troyes|1902 - 1902|Mariage|453|https://archives-aube.fr/_recherche-images/download/395705/image/65698/0/full/max/0/default.jpg
Aube|20|23|387_E_362|Troyes|1904 - 1904|Mariage|459|https://archives-aube.fr/_recherche-images/download/395711/image/65704/0/full/max/0/default.jpg
Aube|20|24|387_E_363|Troyes|1904 - 1904|Décès|345|https://www.archives-aube.fr/_recherche-images/download/395712/image/65705/0/full/max/0/default.jpg
Aube|20|29|387_E_368|Troyes|1906 - 1906|Mariage|542|https://archives-aube.fr/_recherche-images/download/395717/image/65710/0/full/max/0/default.jpg
Aube|20|31|387_E_370|Troyes|1907 - 1907|Naissance|342|https://www.archives-aube.fr/_recherche-images/download/395719/image/65712/0/full/max/0/default.jpg
Aube|20|32|387_E_371|Troyes|1907 - 1907|Mariage|503|https://www.archives-aube.fr/_recherche-images/download/395720/image/65713/0/full/max/0/default.jpg
Aube|20|35|387_E_374|Troyes|1908 - 1908|Mariage|495|https://www.archives-aube.fr/_recherche-images/download/395723/image/65716/0/full/max/0/default.jpg
Aube|20|36|387_E_375|Troyes|1908 - 1908|Décès|324|https://www.archives-aube.fr/_recherche-images/download/395724/image/65717/0/full/max/0/default.jpg
Aube|20|37|387_E_376|Troyes|1909 - 1909|Naissance|318|https://www.archives-aube.fr/_recherche-images/download/395725/image/65718/0/full/max/0/default.jpg
Aube|20|38|387_E_377|Troyes|1909 - 1909|Mariage|459|https://www.archives-aube.fr/_recherche-images/download/395726/image/65719/0/full/max/0/default.jpg
Aube|20|40|387_E_379|Troyes|1910 - 1910|Naissance|314|https://www.archives-aube.fr/_recherche-images/download/395728/image/65721/0/full/max/0/default.jpg
Aube|20|41|387_E_380|Troyes|1910 - 1910|Mariage|478|https://www.archives-aube.fr/_recherche-images/download/395729/image/65722/0/full/max/0/default.jpg
Aube|20|44|387_E_383|Troyes|1911 - 1911|Mariage|447|https://www.archives-aube.fr/_recherche-images/download/395732/image/65725/0/full/max/0/default.jpg
Aube|20|47|387_E_386|Troyes|1912 - 1912|Mariage|482|https://www.archives-aube.fr/_recherche-images/download/395735/image/65728/0/full/max/0/default.jpg
Aube|20|54|387_E_393|Troyes|1914 - 1914|Mariage|220|https://www.archives-aube.fr/_recherche-images/download/395742/image/65735/0/full/max/0/default.jpg
Aube|20|57|387_E_396|Troyes|1915 - 1915|Mariage|206|https://www.archives-aube.fr/_recherche-images/download/395745/image/65738/0/full/max/0/default.jpg
Aube|20|58|387_E_397|Troyes|1915 - 1915|Décès|559|https://www.archives-aube.fr/_recherche-images/download/395746/image/65739/0/full/max/0/default.jpg
Aube|20|67|4 E 387 404|Troyes|1918 - 1918|Naissance|367|https://www.archives-aube.fr/_recherche-images/download/397196/image/67094/0/full/max/0/default.jpg
Aube|20|69|4 E 387 406|Troyes|1918 - 1918|Décès|765|https://archives-aube.fr/_recherche-images/download/397198/image/67096/0/full/max/0/default.jpg
Aube|20|72|4 E 387 409|Troyes|1919 - 1919|Décès|433|https://archives-aube.fr/_recherche-images/download/397201/image/67099/0/full/max/0/default.jpg
Aube|20|73|387_E_410|Troyes|1er janvier 1920 - 3 juillet 1920|Naissance|245|https://www.archives-aube.fr/_recherche-images/download/395759/image/65752/0/full/max/0/default.jpg
Aube|20|74|387_E_411|Troyes|3 juillet 1920 - 31 décembre 1920|Naissance|232|https://www.archives-aube.fr/_recherche-images/download/395760/image/65753/0/full/max/0/default.jpg
Aube|20|75|387_E_412|Troyes|3 janvier 1920 - 3 juillet 1920|Mariage|290|https://archives-aube.fr/_recherche-images/download/395761/image/65754/0/full/max/0/default.jpg
Aube|20|80|387_E_417|Troyes|1921 - 1921|Décès|533|https://www.archives-aube.fr/_recherche-images/download/395766/image/65759/0/full/max/0/default.jpg
Aube|20|81|387_E_418|Troyes|1922 - 1922|Naissance|355|https://www.archives-aube.fr/_recherche-images/download/395767/image/65760/0/full/max/0/default.jpg
Aube|20|83|387_E_420|Troyes|1922 - 1922|Décès|336|https://www.archives-aube.fr/_recherche-images/download/395769/image/65762/0/full/max/0/default.jpg
Aube|20|86|387_E_423|Troyes|1923 - 1923|Mariage|364|https://archives-aube.fr/_recherche-images/download/395772/image/65765/0/full/max/0/default.jpg
Aube|20|91|387_E_429|Troyes|1925|Mariage|371|https://www.archives-aube.fr/_recherche-images/download/1592002/image/137889/0/full/max/0/default.jpg
Aube|20|94|387_E_433|Troyes|1926|Décès|367|https://archives-aube.fr/_recherche-images/download/1592009/image/137896/0/full/max/0/default.jpg
Aube|20|95|387_E_435|Troyes|1927|Mariage|337|https://www.archives-aube.fr/_recherche-images/download/1592004/image/137891/0/full/max/0/default.jpg
Aube|20|96|387_E_436|Troyes|1927|Décès|337|https://archives-aube.fr/_recherche-images/download/1592010/image/137897/0/full/max/0/default.jpg
Aube|20|97|387_E_438|Troyes|1928|Mariage|328|https://www.archives-aube.fr/_recherche-images/download/1592005/image/137892/0/full/max/0/default.jpg
Aube|20|98|387_E_439|Troyes|1928|Décès|327|https://www.archives-aube.fr/_recherche-images/download/1592011/image/137898/0/full/max/0/default.jpg
Aube|21|2|387_E_445|Troyes|1930|Décès|342|https://www.archives-aube.fr/_recherche-images/download/1592013/image/137900/0/full/max/0/default.jpg
Aube|21|19|387_GG_TA_41|Sainte-Madeleine (TROYES)|1691 - 1700|Décès|154|https://www.archives-aube.fr/_recherche-images/download/396863/image/66761/0/full/max/0/default.jpg
Aube|21|22|387_GG_10_24|Sainte-Madeleine (TROYES)|1698 - 1703|Baptême_Mariage_Sépulture|101|https://www.archives-aube.fr/_recherche-images/download/395104/image/65097/0/full/max/0/default.jpg
Aube|21|27|387_GG_18_17|Saint-Pantaleon (TROYES)|1764 - 1774|Baptême_Mariage_Sépulture|300|https://www.archives-aube.fr/_recherche-images/download/395353/image/65346/0/full/max/0/default.jpg
Aube|21|30|387_GG_02_53|Saint-Aventin (TROYES)|1772 - 1777|Baptême_Mariage_Sépulture|172|https://archives-aube.fr/_recherche-images/download/275797/image/28873/0/full/max/0/default.jpg
Aube|21|35|387_GG_01_26|Hôtel-dieu (TROYES)|1792 - 1792|Baptême_Mariage_Sépulture|40|https://www.archives-aube.fr/_recherche-images/download/275738/image/28817/0/full/max/0/default.jpg
Aube|21|36|4E387_194|Troyes|1793 - 1794|Naissance|495|https://www.archives-aube.fr/_recherche-images/download/395361/image/65354/0/full/max/0/default.jpg
Aube|21|38|4E387_195|Troyes|1794 - 1794|Naissance|274|https://www.archives-aube.fr/_recherche-images/download/395362/image/65355/0/full/max/0/default.jpg
Aube|21|39|4E387_196|Troyes|1794 - 1795|Naissance|464|https://www.archives-aube.fr/_recherche-images/download/395363/image/65356/0/full/max/0/default.jpg
Aube|21|40|4E387_197|Troyes|1795 - 1796|Naissance|471|https://www.archives-aube.fr/_recherche-images/download/395364/image/65357/0/full/max/0/default.jpg
Aube|21|41|4E387_198|Troyes|1796 - 1797|Naissance|509|https://www.archives-aube.fr/_recherche-images/download/395365/image/65358/0/full/max/0/default.jpg
Aube|21|42|4E387_199|Troyes|1797 - 1798|Naissance|513|https://www.archives-aube.fr/_recherche-images/download/395366/image/65359/0/full/max/0/default.jpg
Aube|21|44|4E387_200|Troyes|1798 - 1799|Naissance|504|https://www.archives-aube.fr/_recherche-images/download/395367/image/65360/0/full/max/0/default.jpg
Aube|21|45|4E387_201|Troyes|1799 - 1800|Naissance|450|https://www.archives-aube.fr/_recherche-images/download/395368/image/65361/0/full/max/0/default.jpg
Aube|21|46|4E387_202|Troyes|1800 - 1801|Naissance|449|https://www.archives-aube.fr/_recherche-images/download/395369/image/65362/0/full/max/0/default.jpg
Aube|21|47|4E387_203|Troyes|1801 - 1802|Naissance|353|https://www.archives-aube.fr/_recherche-images/download/395370/image/65363/0/full/max/0/default.jpg
Aube|21|50|4E387_206|Troyes|1803 - 1805|Naissance|408|https://www.archives-aube.fr/_recherche-images/download/395373/image/65366/0/full/max/0/default.jpg
Aube|21|51|4E387_207|Troyes|1805 - 1806|Naissance|897|https://www.archives-aube.fr/_recherche-images/download/395374/image/65367/0/full/max/0/default.jpg
Aube|21|58|4E387_315|Troyes|1823 - 1823|Mariage|235|https://www.archives-aube.fr/_recherche-images/download/395481/image/65474/0/full/max/0/default.jpg
Aube|21|61|4E387_472|Troyes|1828 - 1842|Mariage|412|https://www.archives-aube.fr/_recherche-images/download/395689/image/65682/0/full/max/0/default.jpg
Aube|21|64|4E387_249|Troyes|1848 - 1848|Naissance|247|https://www.archives-aube.fr/_recherche-images/download/395416/image/65409/0/full/max/0/default.jpg
Aube|21|65|4E387_442|Troyes|1860 - 1860|Décès|260|https://www.archives-aube.fr/_recherche-images/download/395609/image/65602/0/full/max/0/default.jpg
Aube|21|66|4E387_450|Troyes|1er janvier au 3 mai 1868|Décès|100|https://www.archives-aube.fr/_recherche-images/download/395617/image/65610/0/full/max/0/default.jpg
Aube|21|69|4E387_283|Troyes|1882 - 1882|Naissance|353|https://www.archives-aube.fr/_recherche-images/download/395450/image/65443/0/full/max/0/default.jpg
Aube|21|71|4E387_489|Troyes|1886 - 1886|Mariage|426|https://www.archives-aube.fr/_recherche-images/download/395643/image/65636/0/full/max/0/default.jpg
Aube|21|73|4E387_499|Troyes|1889 - 1889|Décès|366|https://www.archives-aube.fr/_recherche-images/download/395654/image/65647/0/full/max/0/default.jpg
Aube|21|74|4E387_500|Troyes|1890 - 1890|Naissance|359|https://www.archives-aube.fr/_recherche-images/download/395655/image/65648/0/full/max/0/default.jpg
Aube|21|77|4E387_504|Troyes|1891 - 1891|Mariage|416|https://www.archives-aube.fr/_recherche-images/download/395659/image/65652/0/full/max/0/default.jpg
Aube|21|80|387_E_347|Troyes|1899 - 1899|Mariage|398|https://www.archives-aube.fr/_recherche-images/download/395696/image/65689/0/full/max/0/default.jpg
