1 MIEC 1/1|Aire-sur-l'Adour|1623-1680|Baptêmes|130|https://archives.landes.fr/_recherche-images/download/435764/image/63927/0/full/max/0/default.jpg
1 MIEC 1/4|Aire-sur-l'Adour|1635-1790|Baptêmes, Mariages, Sépultures|533|https://archives.landes.fr/_recherche-images/download/435771/image/63934/0/full/max/0/default.jpg
1 MIEC 1/1|Aire-sur-l'Adour|1681-1715|Baptêmes, Mariages, Sépultures|89|https://archives.landes.fr/_recherche-images/download/435765/image/63928/0/full/max/0/default.jpg
1 MIEC 1/2|Aire-sur-l'Adour|1694-1715|Baptêmes, Mariages, Sépultures|376|https://archives.landes.fr/_recherche-images/download/435766/image/63929/0/full/max/0/default.jpg
1 MIEC 1/5|Aire-sur-l'Adour|1700-1731|Baptêmes, Mariages, Sépultures|361|https://archives.landes.fr/_recherche-images/download/435772/image/63935/0/full/max/0/default.jpg
1 MIEC 1/2|Aire-sur-l'Adour|1715-1747|Baptêmes, Mariages, Sépultures|417|https://archives.landes.fr/_recherche-images/download/435767/image/63930/0/full/max/0/default.jpg
1 MIEC 1/5|Aire-sur-l'Adour|1731-1763|Baptêmes, Mariages, Sépultures|399|https://archives.landes.fr/_recherche-images/download/435773/image/63936/0/full/max/0/default.jpg
1 MIEC 1/3|Aire-sur-l'Adour|1748-1766|Baptêmes, Mariages, Sépultures|331|https://archives.landes.fr/_recherche-images/download/435768/image/63931/0/full/max/0/default.jpg
1 MIEC 1/6|Aire-sur-l'Adour|1764-1792|Baptêmes, Mariages|257|https://archives.landes.fr/_recherche-images/download/435774/image/63937/0/full/max/0/default.jpg
1 MIEC 1/6|Aire-sur-l'Adour|1764-1792|Sépultures|142|https://archives.landes.fr/_recherche-images/download/435775/image/63938/0/full/max/0/default.jpg
1 MIEC 1/3|Aire-sur-l'Adour|1767-1780|Baptêmes, Mariages, Sépultures|219|https://archives.landes.fr/_recherche-images/download/435769/image/63932/0/full/max/0/default.jpg
1 MIEC 1/4|Aire-sur-l'Adour|1767-1780|Baptêmes, Mariages, Sépultures|122|https://archives.landes.fr/_recherche-images/download/435770/image/63933/0/full/max/0/default.jpg
1 MIEC 1/7|Aire-sur-l'Adour|1793-1801|Décès|244|https://archives.landes.fr/_recherche-images/download/435776/image/63939/0/full/max/0/default.jpg
1 MIEC 1/7|Aire-sur-l'Adour|1793-1801|Mariages|220|https://archives.landes.fr/_recherche-images/download/435777/image/63940/0/full/max/0/default.jpg
1 MIEC 1/7|Aire-sur-l'Adour|1793-1802|Naissances|305|https://archives.landes.fr/_recherche-images/download/435778/image/63941/0/full/max/0/default.jpg
4 E 391/1|Aire-sur-l'Adour|1802-1852|Tables|258|https://archives.landes.fr/_recherche-images/download/435824/image/63987/0/full/max/0/default.jpg
4 E 1/3|Aire-sur-l'Adour|1803-1807|Naissances|164|https://archives.landes.fr/_recherche-images/download/435801/image/63964/0/full/max/0/default.jpg
4 E 1/16|Aire-sur-l'Adour|1803-1816|Mariages|182|https://archives.landes.fr/_recherche-images/download/435786/image/63949/0/full/max/0/default.jpg
4 E 1/23|Aire-sur-l'Adour|1803-1806|Décès|153|https://archives.landes.fr/_recherche-images/download/435794/image/63957/0/full/max/0/default.jpg
4 E 1/13|Aire-sur-l'Adour|1807-1830|Publications de mariage|204|https://archives.landes.fr/_recherche-images/download/435782/image/63945/0/full/max/0/default.jpg
4 E 1/24|Aire-sur-l'Adour|1807-1811|Décès|142|https://archives.landes.fr/_recherche-images/download/435795/image/63958/0/full/max/0/default.jpg
4 E 1/4|Aire-sur-l'Adour|1808-1813|Naissances|169|https://archives.landes.fr/_recherche-images/download/435813/image/63976/0/full/max/0/default.jpg
4 E 1/25|Aire-sur-l'Adour|1812-1816|Décès|166|https://archives.landes.fr/_recherche-images/download/435796/image/63959/0/full/max/0/default.jpg
4 E 1/5|Aire-sur-l'Adour|1814-1819|Naissances|163|https://archives.landes.fr/_recherche-images/download/435818/image/63981/0/full/max/0/default.jpg
4 E 1/17|Aire-sur-l'Adour|1817-1831|Mariages|185|https://archives.landes.fr/_recherche-images/download/435787/image/63950/0/full/max/0/default.jpg
4 E 1/26|Aire-sur-l'Adour|1817-1823|Décès|151|https://archives.landes.fr/_recherche-images/download/435797/image/63960/0/full/max/0/default.jpg
4 E 1/6|Aire-sur-l'Adour|1820-1825|Naissances|160|https://archives.landes.fr/_recherche-images/download/435819/image/63982/0/full/max/0/default.jpg
4 E 1/27|Aire-sur-l'Adour|1824-1831|Décès|163|https://archives.landes.fr/_recherche-images/download/435798/image/63961/0/full/max/0/default.jpg
4 E 1/7|Aire-sur-l'Adour|1826-1831|Naissances|163|https://archives.landes.fr/_recherche-images/download/435820/image/63983/0/full/max/0/default.jpg
4 E 1/8|Aire-sur-l'Adour|1832-1834|Naissances|67|https://archives.landes.fr/_recherche-images/download/435821/image/63984/0/full/max/0/default.jpg
4 E 1/14|Aire-sur-l'Adour|1832-1850|Publications de mariage|372|https://archives.landes.fr/_recherche-images/download/435783/image/63946/0/full/max/0/default.jpg
4 E 1/18|Aire-sur-l'Adour|1832-1839|Mariages|216|https://archives.landes.fr/_recherche-images/download/435788/image/63951/0/full/max/0/default.jpg
4 E 1/28|Aire-sur-l'Adour|1832-1839|Décès|201|https://archives.landes.fr/_recherche-images/download/435799/image/63962/0/full/max/0/default.jpg
4 E 1/8|Aire-sur-l'Adour|1834-1839|Naissances|161|https://archives.landes.fr/_recherche-images/download/435822/image/63985/0/full/max/0/default.jpg
4 E 1/9|Aire-sur-l'Adour|1840-1847|Naissances|218|https://archives.landes.fr/_recherche-images/download/435823/image/63986/0/full/max/0/default.jpg
4 E 1/19|Aire-sur-l'Adour|1840-1847|Mariages|239|https://archives.landes.fr/_recherche-images/download/435789/image/63952/0/full/max/0/default.jpg
4 E 1/29|Aire-sur-l'Adour|1840-1848|Décès|226|https://archives.landes.fr/_recherche-images/download/435800/image/63963/0/full/max/0/default.jpg
4 E 1/10|Aire-sur-l'Adour|1848-1854|Naissances|208|https://archives.landes.fr/_recherche-images/download/435779/image/63942/0/full/max/0/default.jpg
4 E 1/20|Aire-sur-l'Adour|1848-1854|Mariages|242|https://archives.landes.fr/_recherche-images/download/435790/image/63953/0/full/max/0/default.jpg
4 E 1/30|Aire-sur-l'Adour|1849-1856|Décès|221|https://archives.landes.fr/_recherche-images/download/435802/image/63965/0/full/max/0/default.jpg
4 E 1/15|Aire-sur-l'Adour|1851-1857|Publications de mariage|164|https://archives.landes.fr/_recherche-images/download/435784/image/63947/0/full/max/0/default.jpg
4 E 391/2|Aire-sur-l'Adour|1853-1892|Tables|193|https://archives.landes.fr/_recherche-images/download/435825/image/63988/0/full/max/0/default.jpg
4 E 1/11|Aire-sur-l'Adour|1855-1862|Naissances|213|https://archives.landes.fr/_recherche-images/download/435780/image/63943/0/full/max/0/default.jpg
4 E 1/21|Aire-sur-l'Adour|1855-1862|Mariages|232|https://archives.landes.fr/_recherche-images/download/435791/image/63954/0/full/max/0/default.jpg
4 E 1/15|Aire-sur-l'Adour|1857-1870|Publications de mariage|282|https://archives.landes.fr/_recherche-images/download/435785/image/63948/0/full/max/0/default.jpg
4 E 1/31|Aire-sur-l'Adour|1857-1859|Décès|65|https://archives.landes.fr/_recherche-images/download/435803/image/63966/0/full/max/0/default.jpg
4 E 1/31|Aire-sur-l'Adour|1859-1863|Décès|144|https://archives.landes.fr/_recherche-images/download/435804/image/63967/0/full/max/0/default.jpg
4 E 1/25|Aire-sur-l'Adour|1812-1816|Décès|166|https://archives.landes.fr/_recherche-images/download/435796/image/63959/0/full/max/0/default.jpg
4 E 1/5|Aire-sur-l'Adour|1814-1819|Naissances|163|https://archives.landes.fr/_recherche-images/download/435818/image/63981/0/full/max/0/default.jpg
4 E 1/17|Aire-sur-l'Adour|1817-1831|Mariages|185|https://archives.landes.fr/_recherche-images/download/435787/image/63950/0/full/max/0/default.jpg
4 E 1/32|Aire-sur-l'Adour|1864-1870|Décès|183|https://archives.landes.fr/_recherche-images/download/435805/image/63968/0/full/max/0/default.jpg
4 E 1/33|Aire-sur-l'Adour|1871-1880|Naissances|249|https://archives.landes.fr/_recherche-images/download/435806/image/63969/0/full/max/0/default.jpg
4 E 1/37|Aire-sur-l'Adour|1871-1880|Mariages|309|https://archives.landes.fr/_recherche-images/download/435810/image/63973/0/full/max/0/default.jpg
4 E 1/40|Aire-sur-l'Adour|1871-1880|Décès|283|https://archives.landes.fr/_recherche-images/download/435814/image/63977/0/full/max/0/default.jpg
4 E 1/36|Aire-sur-l'Adour|1872-1898|Publications de mariage|593|https://archives.landes.fr/_recherche-images/download/435809/image/63972/0/full/max/0/default.jpg
4 E 1/34|Aire-sur-l'Adour|1881-1889|Naissances|206|https://archives.landes.fr/_recherche-images/download/435807/image/63970/0/full/max/0/default.jpg
4 E 1/38|Aire-sur-l'Adour|1881-1889|Mariages|260|https://archives.landes.fr/_recherche-images/download/435811/image/63974/0/full/max/0/default.jpg
4 E 1/41|Aire-sur-l'Adour|1881-1885|Décès|130|https://archives.landes.fr/_recherche-images/download/435815/image/63978/0/full/max/0/default.jpg
4 E 1/41|Aire-sur-l'Adour|1885-1889|Décès|106|https://archives.landes.fr/_recherche-images/download/435816/image/63979/0/full/max/0/default.jpg
4 E 1/35|Aire-sur-l'Adour|1890-1898|Naissances, Mariages, Décès|174|https://archives.landes.fr/_recherche-images/download/435808/image/63971/0/full/max/0/default.jpg
4 E 1/39|Aire-sur-l'Adour|1890-1898|Mariages|264|https://archives.landes.fr/_recherche-images/download/435812/image/63975/0/full/max/0/default.jpg
4 E 1/42|Aire-sur-l'Adour|1890-1898|Décès|234|https://archives.landes.fr/_recherche-images/download/435817/image/63980/0/full/max/0/default.jpg
4 E 391/7|Aire-sur-l'Adour|1893-1902|Tables|43|https://archives.landes.fr/_recherche-images/download/435826/image/63989/0/full/max/0/default.jpg
4 E 1/43|Aire-sur-l'Adour|1899-1910|Naissances|201|https://archives.landes.fr/_recherche-images/download/441770/image/70062/0/full/max/0/default.jpg
4 E 1/44|Aire-sur-l'Adour|1899-1915|Publications de mariage|279|https://archives.landes.fr/_recherche-images/download/422889/image/58063/0/full/max/0/default.jpg
4 E 1/45|Aire-sur-l'Adour|1899-1910|Mariages|316|https://archives.landes.fr/_recherche-images/download/441772/image/70064/0/full/max/0/default.jpg
4 E 1/46|Aire-sur-l'Adour|1899-1910|Décès|253|https://archives.landes.fr/_recherche-images/download/441774/image/70066/0/full/max/0/default.jpg
4 E 391/7|Aire-sur-l'Adour|1903-1912|Tables|39|https://archives.landes.fr/_recherche-images/download/435827/image/63990/0/full/max/0/default.jpg
4 E 1/48|Aire-sur-l'Adour|1911-1918|Mariages|135|https://archives.landes.fr/_recherche-images/download/422891/image/58065/0/full/max/0/default.jpg
4 E 1/50|Aire-sur-l'Adour|1911-1918|Décès|211|https://archives.landes.fr/_recherche-images/download/422893/image/58067/0/full/max/0/default.jpg
4 E 391/7|Aire-sur-l'Adour|1913-1922|Tables|40|https://archives.landes.fr/_recherche-images/download/435828/image/63991/0/full/max/0/default.jpg
4 E 1/49|Aire-sur-l'Adour|1919-1927|Mariages|258|https://archives.landes.fr/_recherche-images/download/422892/image/58066/0/full/max/0/default.jpg
4 E 1/51|Aire-sur-l'Adour|1919-1927|Décès|200|https://archives.landes.fr/_recherche-images/download/422894/image/58068/0/full/max/0/default.jpg
4 E 391/8|Aire-sur-l'Adour|1923-1932|Tables|34|https://archives.landes.fr/_recherche-images/download/424085/image/59259/0/full/max/0/default.jpg
4 E 1/53|Aire-sur-l'Adour|1928-1937|Mariages|198|https://archives.landes.fr/_recherche-images/download/1542611/image/152861/0/full/max/0/default.jpg
4 E 1/54|Aire-sur-l'Adour|1928-1936|Décès|186|https://archives.landes.fr/_recherche-images/download/1354792/image/121021/0/full/max/0/default.jpg
4 E 391/8|Aire-sur-l'Adour|1933-1942|Tables|22|https://archives.landes.fr/_recherche-images/download/424097/image/59271/0/full/max/0/default.jpg
E dépôt 2 / GG 1|Amou|1644-1658|Baptêmes, Mariages, Sépultures|136|https://archives.landes.fr/_recherche-images/download/435860/image/64025/0/full/max/0/default.jpg
E dépôt 2 / GG 2|Amou|1660-1682|Baptêmes, Mariages, Sépultures|206|https://archives.landes.fr/_recherche-images/download/435869/image/64034/0/full/max/0/default.jpg
E dépôt 2 / GG 3|Amou|1683-1692|Baptêmes, Mariages, Sépultures|100|https://archives.landes.fr/_recherche-images/download/435870/image/64035/0/full/max/0/default.jpg
E dépôt 2 / GG 4|Amou|1693-1702|Baptêmes, Mariages, Sépultures|182|https://archives.landes.fr/_recherche-images/download/435871/image/64036/0/full/max/0/default.jpg
E dépôt 2 / GG 5|Amou|1703-1712|Baptêmes, Mariages, Sépultures|141|https://archives.landes.fr/_recherche-images/download/435872/image/64037/0/full/max/0/default.jpg
E dépôt 2 / GG 6|Amou|1713-1722|Baptêmes, Mariages, Sépultures|90|https://archives.landes.fr/_recherche-images/download/435873/image/64038/0/full/max/0/default.jpg
E dépôt 2 / GG 7|Amou|1723-1732|Baptêmes, Mariages, Sépultures|117|https://archives.landes.fr/_recherche-images/download/435874/image/64039/0/full/max/0/default.jpg
E dépôt 2 / GG 8|Amou|1733-1742|Baptêmes, Mariages, Sépultures|214|https://archives.landes.fr/_recherche-images/download/435875/image/64040/0/full/max/0/default.jpg
E dépôt 2 / GG 9|Amou|1743-1752|Baptêmes, Mariages, Sépultures|222|https://archives.landes.fr/_recherche-images/download/435876/image/64041/0/full/max/0/default.jpg
E dépôt 2 / GG 10|Amou|1753-1762|Baptêmes, Mariages|125|https://archives.landes.fr/_recherche-images/download/435861/image/64026/0/full/max/0/default.jpg
E dépôt 2 / GG 11|Amou|1753-1762|Sépultures|65|https://archives.landes.fr/_recherche-images/download/435862/image/64027/0/full/max/0/default.jpg
E dépôt 2 / GG 12|Amou|1763-1772|Baptêmes, Mariages|149|https://archives.landes.fr/_recherche-images/download/435863/image/64028/0/full/max/0/default.jpg
E dépôt 2 / GG 13|Amou|1763-1772|Sépultures|91|https://archives.landes.fr/_recherche-images/download/435864/image/64029/0/full/max/0/default.jpg
E dépôt 2 / GG 14|Amou|1773-1782|Baptêmes, Mariages|158|https://archives.landes.fr/_recherche-images/download/435865/image/64030/0/full/max/0/default.jpg
E dépôt 2 / GG 16|Amou|1773-1782|Sépultures|110|https://archives.landes.fr/_recherche-images/download/435866/image/64031/0/full/max/0/default.jpg
4 E 2/2|Amou|1778-1801|Baptêmes, Mariages, Sépultures|309|https://archives.landes.fr/_recherche-images/download/435840/image/64003/0/full/max/0/default.jpg
E dépôt 2 / GG 17|Amou|1783-1792|Baptêmes, Mariages|144|https://archives.landes.fr/_recherche-images/download/435867/image/64032/0/full/max/0/default.jpg
E dépôt 2 / GG 18|Amou|1783-1792|Sépultures|105|https://archives.landes.fr/_recherche-images/download/435868/image/64033/0/full/max/0/default.jpg
E Dépot 2 / E 1|Amou|1793-1802|Naissances|244|https://archives.landes.fr/_recherche-images/download/435857/image/64022/0/full/max/0/default.jpg
E Dépot 2 / E 8|Amou|1793-1802|Mariages|172|https://archives.landes.fr/_recherche-images/download/435859/image/64024/0/full/max/0/default.jpg
E Dépot 2 / E 15|Amou|1793-1802|Décès|135|https://archives.landes.fr/_recherche-images/download/435858/image/64023/0/full/max/0/default.jpg
LS 3|Amou|An VII|Mariages|82|https://archives.landes.fr/_recherche-images/download/440940/image/69234/0/full/max/0/default.jpg
4 E 392/1|Amou|1802-1892|Tables|213|https://archives.landes.fr/_recherche-images/download/435856/image/64021/0/full/max/0/default.jpg
4 E 2/4|Amou|1803-1810|Naissances|134|https://archives.landes.fr/_recherche-images/download/435850/image/64015/0/full/max/0/default.jpg
4 E 2/13|Amou|1803-1831|Mariages|219|https://archives.landes.fr/_recherche-images/download/435833/image/63996/0/full/max/0/default.jpg
4 E 2/17|Amou|1803-1810|Décès|128|https://archives.landes.fr/_recherche-images/download/435837/image/64000/0/full/max/0/default.jpg
4 E 2/11|Amou|1807-1831|Publications de mariage|103|https://archives.landes.fr/_recherche-images/download/435830/image/63993/0/full/max/0/default.jpg
4 E 2/5|Amou|1811-1821|Naissances|144|https://archives.landes.fr/_recherche-images/download/435851/image/64016/0/full/max/0/default.jpg
4 E 2/18|Amou|1811-1821|Décès|143|https://archives.landes.fr/_recherche-images/download/435838/image/64001/0/full/max/0/default.jpg
4 E 2/6|Amou|1822-1831|Naissances|153|https://archives.landes.fr/_recherche-images/download/435852/image/64017/0/full/max/0/default.jpg
4 E 2/19|Amou|1822-1831|Décès|131|https://archives.landes.fr/_recherche-images/download/435839/image/64002/0/full/max/0/default.jpg
4 E 2/7|Amou|1832-1841|Naissances|147|https://archives.landes.fr/_recherche-images/download/435853/image/64018/0/full/max/0/default.jpg
4 E 2/12|Amou|1832-1846|Publications de mariage|144|https://archives.landes.fr/_recherche-images/download/435831/image/63994/0/full/max/0/default.jpg
4 E 2/14|Amou|1832-1847|Mariages|187|https://archives.landes.fr/_recherche-images/download/435834/image/63997/0/full/max/0/default.jpg
4 E 2/20|Amou|1832-1846|Décès|201|https://archives.landes.fr/_recherche-images/download/435841/image/64004/0/full/max/0/default.jpg
4 E 2/8|Amou|1842-1851|Naissances|121|https://archives.landes.fr/_recherche-images/download/435854/image/64019/0/full/max/0/default.jpg
4 E 2/12|Amou|1846-1869|Publications de mariage|232|https://archives.landes.fr/_recherche-images/download/435832/image/63995/0/full/max/0/default.jpg
4 E 2/21|Amou|1847-1858|Décès|145|https://archives.landes.fr/_recherche-images/download/435842/image/64005/0/full/max/0/default.jpg
4 E 2/15|Amou|1848-1859|Mariages|158|https://archives.landes.fr/_recherche-images/download/435835/image/63998/0/full/max/0/default.jpg
4 E 2/9|Amou|1852-1861|Naissances|114|https://archives.landes.fr/_recherche-images/download/435855/image/64020/0/full/max/0/default.jpg
4 E 2/22|Amou|1859-1870|Décès|178|https://archives.landes.fr/_recherche-images/download/435843/image/64006/0/full/max/0/default.jpg
4 E 2/16|Amou|1860-1870|Mariages|172|https://archives.landes.fr/_recherche-images/download/435836/image/63999/0/full/max/0/default.jpg
4 E 2/10|Amou|1862-1870|Naissances|127|https://archives.landes.fr/_recherche-images/download/435829/image/63992/0/full/max/0/default.jpg
4 E 2/23|Amou|1871-1884|Naissances|171|https://archives.landes.fr/_recherche-images/download/435844/image/64007/0/full/max/0/default.jpg
4 E 2/25|Amou|1871-1897|Publications de mariage|230|https://archives.landes.fr/_recherche-images/download/435845/image/64008/0/full/max/0/default.jpg
4 E 2/26|Amou|1871-1883|Mariages|183|https://archives.landes.fr/_recherche-images/download/435846/image/64009/0/full/max/0/default.jpg
4 E 2/28|Amou|1871-1898|Décès|306|https://archives.landes.fr/_recherche-images/download/435848/image/64013/0/full/max/0/default.jpg
4 E 2/27|Amou|1884-1898|Mariages|189|https://archives.landes.fr/_recherche-images/download/435847/image/64010/0/full/max/0/default.jpg
4 E 2/24|Amou|1885-1898|Naissances|141|https://archives.landes.fr/_recherche-images/download/441066/image/69359/0/full/max/0/default.jpg
4 E 392/8|Amou|1893-1902|Tables|18|https://archives.landes.fr/_recherche-images/download/422018/image/57184/0/full/max/0/default.jpg
4 E 2/29|Amou|1899-1910|Naissances|124|https://archives.landes.fr/_recherche-images/download/441067/image/69360/0/full/max/0/default.jpg
4 E 2/30|Amou|1899-1927|Publications de mariage|211|https://archives.landes.fr/_recherche-images/download/435849/image/64014/0/full/max/0/default.jpg
4 E 2/32|Amou|1899-1910|Mariages|155|https://archives.landes.fr/_recherche-images/download/441068/image/69361/0/full/max/0/default.jpg
4 E 2/34|Amou|1899-1910|Décès|109|https://archives.landes.fr/_recherche-images/download/441069/image/69362/0/full/max/0/default.jpg
4 E 392/8|Amou|1903-1912|Tables|18|https://archives.landes.fr/_recherche-images/download/422040/image/57206/0/full/max/0/default.jpg
4 E 2/33|Amou|1911-1927|Mariages|204|https://archives.landes.fr/_recherche-images/download/422896/image/58070/0/full/max/0/default.jpg
4 E 2/35|Amou|1911-1927|Décès|154|https://archives.landes.fr/_recherche-images/download/422897/image/58071/0/full/max/0/default.jpg
4 E 392/8|Amou|1913-1922|Tables|16|https://archives.landes.fr/_recherche-images/download/422445/image/57611/0/full/max/0/default.jpg
4 E 392/9|Amou|1923-1932|Tables|15|https://archives.landes.fr/_recherche-images/download/422461/image/57627/0/full/max/0/default.jpg
E dépôt 3 / GG 1-3|Angoumé|1692-1697|Baptêmes, Mariages, Sépultures|15|https://archives.landes.fr/_recherche-images/download/435914/image/64079/0/full/max/0/default.jpg
E dépôt 3 / E 1-7|Angoumé|1794-1796|Naissances, Mariages, Décès, Publications de mariage|34|https://archives.landes.fr/_recherche-images/download/435913/image/64078/0/full/max/0/default.jpg
4 E 395/1|Angoumé|1802-1812|Tables|10|https://archives.landes.fr/_recherche-images/download/435904/image/64069/0/full/max/0/default.jpg
4 E 3/1|Angoumé|1803-1812|Naissances|25|https://archives.landes.fr/_recherche-images/download/435877/image/64042/0/full/max/0/default.jpg
4 E 3/7, 12|Angoumé|1803-1812|Mariages, Publications de mariage|31|https://archives.landes.fr/_recherche-images/download/435901/image/64066/0/full/max/0/default.jpg
4 E 3/18|Angoumé|1803-1812|Décès|29|https://archives.landes.fr/_recherche-images/download/435885/image/64050/0/full/max/0/default.jpg
4 E 3/2|Angoumé|1813-1822|Naissances|26|https://archives.landes.fr/_recherche-images/download/435887/image/64052/0/full/max/0/default.jpg
4 E 3/7|Angoumé|1813-1822|Publications de mariage|16|https://archives.landes.fr/_recherche-images/download/435900/image/64065/0/full/max/0/default.jpg
4 E 3/13|Angoumé|1813-1822|Mariages|14|https://archives.landes.fr/_recherche-images/download/435880/image/64045/0/full/max/0/default.jpg
4 E 3/19|Angoumé|1813-1822|Décès|25|https://archives.landes.fr/_recherche-images/download/435886/image/64051/0/full/max/0/default.jpg
4 E 395/2|Angoumé|1813-1822|Tables|2|https://archives.landes.fr/_recherche-images/download/435906/image/64071/0/full/max/0/default.jpg
4 E 3/3|Angoumé|1823-1832|Naissances|24|https://archives.landes.fr/_recherche-images/download/435896/image/64061/0/full/max/0/default.jpg
4 E 3/8|Angoumé|1823-1832|Publications de mariage|24|https://archives.landes.fr/_recherche-images/download/435902/image/64067/0/full/max/0/default.jpg
4 E 3/14|Angoumé|1823-1832|Mariages|14|https://www.archives.landes.fr/_recherche-images/download/435881/image/64046/0/full/max/0/default.jpg
4 E 3/20|Angoumé|1823-1832|Décès|23|https://archives.landes.fr/_recherche-images/download/435888/image/64053/0/full/max/0/default.jpg
4 E 395/3|Angoumé|1823-1832|Tables|3|https://archives.landes.fr/_recherche-images/download/435907/image/64072/0/full/max/0/default.jpg
4 E 3/4|Angoumé|1833-1842|Naissances|20|https://archives.landes.fr/_recherche-images/download/435897/image/64062/0/full/max/0/default.jpg
4 E 3/9|Angoumé|1833-1842|Publications de mariage|25|https://archives.landes.fr/_recherche-images/download/435903/image/64068/0/full/max/0/default.jpg
4 E 3/15|Angoumé|1833-1842|Mariages|28|https://archives.landes.fr/_recherche-images/download/435882/image/64047/0/full/max/0/default.jpg
4 E 3/21|Angoumé|1833-1842|Décès|26|https://archives.landes.fr/_recherche-images/download/435889/image/64054/0/full/max/0/default.jpg
4 E 395/4|Angoumé|1833-1842|Tables|3|https://archives.landes.fr/_recherche-images/download/435908/image/64073/0/full/max/0/default.jpg
4 E 3/5|Angoumé|1843-1852|Naissances|20|https://archives.landes.fr/_recherche-images/download/435898/image/64063/0/full/max/0/default.jpg
4 E 3/10|Angoumé|1843-1852|Publications de mariage|23|https://archives.landes.fr/_recherche-images/download/435878/image/64043/0/full/max/0/default.jpg
4 E 3/16|Angoumé|1843-1852|Mariages|23|https://archives.landes.fr/_recherche-images/download/435883/image/64048/0/full/max/0/default.jpg
4 E 3/22|Angoumé|1843-1852|Décès|21|https://archives.landes.fr/_recherche-images/download/435890/image/64055/0/full/max/0/default.jpg
4 E 3/6|Angoumé|1853-1862|Naissances|21|https://archives.landes.fr/_recherche-images/download/435899/image/64064/0/full/max/0/default.jpg
4 E 3/11|Angoumé|1853-1862|Publications de mariage|35|https://archives.landes.fr/_recherche-images/download/435879/image/64044/0/full/max/0/default.jpg
4 E 3/17|Angoumé|1853-1862|Mariages|24|https://archives.landes.fr/_recherche-images/download/435884/image/64049/0/full/max/0/default.jpg
4 E 3/23|Angoumé|1853-1862|Décès|24|https://archives.landes.fr/_recherche-images/download/435891/image/64056/0/full/max/0/default.jpg
4 E 395/6|Angoumé|1853-1862|Tables|2|https://archives.landes.fr/_recherche-images/download/435909/image/64074/0/full/max/0/default.jpg
4 E 3/24|Angoumé|1863-1910|Naissances|101|https://archives.landes.fr/_recherche-images/download/440886/image/69178/0/full/max/0/default.jpg
4 E 3/25|Angoumé|1863-1898|Publications de mariage|123|https://archives.landes.fr/_recherche-images/download/435892/image/64057/0/full/max/0/default.jpg
4 E 3/25|Angoumé|1863-1898|Publications de mariage|145|https://archives.landes.fr/_recherche-images/download/435893/image/64058/0/full/max/0/default.jpg
4 E 3/26|Angoumé|1863-1898|Mariages|77|https://archives.landes.fr/_recherche-images/download/435894/image/64059/0/full/max/0/default.jpg
4 E 3/27|Angoumé|1863-1898|Décès|68|https://archives.landes.fr/_recherche-images/download/435895/image/64060/0/full/max/0/default.jpg
4 E 395/7|Angoumé|1863-1872|Tables|6|https://archives.landes.fr/_recherche-images/download/435910/image/64075/0/full/max/0/default.jpg
4 E 395/8|Angoumé|1873-1882|Tables|5|https://archives.landes.fr/_recherche-images/download/435911/image/64076/0/full/max/0/default.jpg
4 E 395/9|Angoumé|1883-1892|Tables|4|https://archives.landes.fr/_recherche-images/download/435912/image/64077/0/full/max/0/default.jpg
4 E 395/10|Angoumé|1893-1902|Tables|4|https://archives.landes.fr/_recherche-images/download/435905/image/64070/0/full/max/0/default.jpg
4 E 395/11|Angoumé|1893-1902|Tables|5|https://archives.landes.fr/_recherche-images/download/422079/image/57245/0/full/max/0/default.jpg
4 E 3/25|Angoumé|1899-1910|Publications de mariage|44|https://archives.landes.fr/_recherche-images/download/440950/image/69244/0/full/max/0/default.jpg
4 E 3/26|Angoumé|1899-1910|Mariages|33|https://archives.landes.fr/_recherche-images/download/440951/image/69245/0/full/max/0/default.jpg
4 E 3/27|Angoumé|1899-1910|Décès|18|https://archives.landes.fr/_recherche-images/download/440952/image/69246/0/full/max/0/default.jpg
4 E 395/12|Angoumé|1903-1912|Tables|5|https://archives.landes.fr/_recherche-images/download/422099/image/57265/0/full/max/0/default.jpg
4 E 395/13|Angoumé|1913-1922|Tables|3|https://archives.landes.fr/_recherche-images/download/422542/image/57710/0/full/max/0/default.jpg
4 E 3/29|Angoumé|1918-1925|Publications de mariage|8|https://archives.landes.fr/_recherche-images/download/422899/image/58073/0/full/max/0/default.jpg
4 E 395/14|Angoumé|1923-1932|Tables|3|https://archives.landes.fr/_recherche-images/download/422563/image/57733/0/full/max/0/default.jpg
4 E 395/15|Angoumé|1933-1942|Tables|3|https://archives.landes.fr/_recherche-images/download/424155/image/59329/0/full/max/0/default.jpg
4 E 395/16|Angoumé|1943-1952|Tables|3|https://archives.landes.fr/_recherche-images/download/1543426/image/153669/0/full/max/0/default.jpg
E dépôt 4 / GG 1|Angresse|1730-1742|Baptêmes, Mariages, Sépultures|36|https://archives.landes.fr/_recherche-images/download/435937/image/64102/0/full/max/0/default.jpg
E dépôt 4 / GG 2|Angresse|1743-1752|Baptêmes, Mariages, Sépultures|37|https://archives.landes.fr/_recherche-images/download/435938/image/64103/0/full/max/0/default.jpg
E dépôt 4 / GG 3|Angresse|1753-1762|Baptêmes, Mariages, Sépultures|38|https://archives.landes.fr/_recherche-images/download/435939/image/64104/0/full/max/0/default.jpg
E dépôt 4 / GG 4|Angresse|1763-1772|Baptêmes, Mariages, Sépultures|44|https://archives.landes.fr/_recherche-images/download/435940/image/64105/0/full/max/0/default.jpg
E dépôt 4 / GG 5|Angresse|1773-1782|Baptêmes, Mariages, Sépultures|49|https://archives.landes.fr/_recherche-images/download/435941/image/64106/0/full/max/0/default.jpg
E dépôt 4 / GG 6|Angresse|1783-1791|Baptêmes, Mariages, Sépultures|42|https://archives.landes.fr/_recherche-images/download/435942/image/64107/0/full/max/0/default.jpg
1 MIEC Supp 11|Angresse|1793-1802|Naissances, Mariages, Décès|147|https://archives.landes.fr/_recherche-images/download/435915/image/64080/0/full/max/0/default.jpg
4 E 4/8|Angresse|1794-1796|Naissances, Mariages|1|https://archives.landes.fr/_recherche-images/download/435923/image/64088/0/full/max/0/default.jpg
4 E 4/8|Angresse|1802-1831|Décès|134|https://archives.landes.fr/_recherche-images/download/435924/image/64089/0/full/max/0/default.jpg
4 E 4/8|Angresse|1802-1831|Décès|134|https://archives.landes.fr/_recherche-images/download/435925/image/64090/0/full/max/0/default.jpg
4 E 4/1|Angresse|1803-1831|Naissances|176|https://archives.landes.fr/_recherche-images/download/435916/image/64081/0/full/max/0/default.jpg
4 E 4/6|Angresse|1803-1844|Mariages|231|https://archives.landes.fr/_recherche-images/download/435921/image/64086/0/full/max/0/default.jpg
4 E 415/1|Angresse|1803-1812|Tables|5|https://archives.landes.fr/_recherche-images/download/435928/image/64093/0/full/max/0/default.jpg
4 E 4/4|Angresse|1806-1859|Publications de mariage|209|https://archives.landes.fr/_recherche-images/download/435919/image/64084/0/full/max/0/default.jpg
4 E 413/2|Angresse|1813-1822|Tables|6|https://archives.landes.fr/_recherche-images/download/435927/image/64092/0/full/max/0/default.jpg
4 E 415/3|Angresse|1823-1832|Tables|8|https://archives.landes.fr/_recherche-images/download/435929/image/64094/0/full/max/0/default.jpg
4 E 4/2|Angresse|1832-1869|Naissances|170|https://archives.landes.fr/_recherche-images/download/435918/image/64083/0/full/max/0/default.jpg
4 E 4/9|Angresse|1832-1869|Décès|136|https://archives.landes.fr/_recherche-images/download/435926/image/64091/0/full/max/0/default.jpg
4 E 415/4|Angresse|1833-1842|Tables|7|https://archives.landes.fr/_recherche-images/download/435930/image/64095/0/full/max/0/default.jpg
4 E 415/4|Angresse|1833-1842|Tables|8|https://archives.landes.fr/_recherche-images/download/435931/image/64096/0/full/max/0/default.jpg
4 E 415/5|Angresse|1843-1852|Tables|6|https://archives.landes.fr/_recherche-images/download/435932/image/64097/0/full/max/0/default.jpg
4 E 4/7|Angresse|1845-1898|Mariages|208|https://archives.landes.fr/_recherche-images/download/435922/image/64087/0/full/max/0/default.jpg
4 E 415/6|Angresse|1853-1862|Tables|10|https://archives.landes.fr/_recherche-images/download/435933/image/64098/0/full/max/0/default.jpg
4 E 4/5|Angresse|1860-1897|Publications de mariage|175|https://archives.landes.fr/_recherche-images/download/435920/image/64085/0/full/max/0/default.jpg
4 E 415/7|Angresse|1863-1872|Tables|10|https://archives.landes.fr/_recherche-images/download/435934/image/64099/0/full/max/0/default.jpg
4 E 4/3|Angresse|1870-1910|Naissances|186|https://archives.landes.fr/_recherche-images/download/441070/image/69363/0/full/max/0/default.jpg
4 E 4/10|Angresse|1870-1898|Décès|88|https://archives.landes.fr/_recherche-images/download/435917/image/64082/0/full/max/0/default.jpg
4 E 415/8|Angresse|1873-1882|Tables|7|https://archives.landes.fr/_recherche-images/download/435935/image/64100/0/full/max/0/default.jpg
4 E 415/9|Angresse|1883-1892|Tables|10|https://archives.landes.fr/_recherche-images/download/435936/image/64101/0/full/max/0/default.jpg
4 E 415/10|Angresse|1893-1902|Tables|9|https://archives.landes.fr/_recherche-images/download/422348/image/57514/0/full/max/0/default.jpg
4 E 4/7|Angresse|1899-1910|Mariages|50|https://archives.landes.fr/_recherche-images/download/440953/image/69247/0/full/max/0/default.jpg
4 E 4/10|Angresse|1899-1910|Décès|36|https://archives.landes.fr/_recherche-images/download/440954/image/69248/0/full/max/0/default.jpg
4 E 415/10|Angresse|1903-1912|Tables|8|https://archives.landes.fr/_recherche-images/download/422359/image/57525/0/full/max/0/default.jpg
4 E 4/12|Angresse|1911-1927|Publications de mariage|25|https://archives.landes.fr/_recherche-images/download/422901/image/58075/0/full/max/0/default.jpg
4 E 4/13|Angresse|1911-1912|Mariages|7|https://archives.landes.fr/_recherche-images/download/422902/image/58076/0/full/max/0/default.jpg
4 E 4/14|Angresse|1911-1927|Décès|42|https://archives.landes.fr/_recherche-images/download/422903/image/58077/0/full/max/0/default.jpg
4 E 4/15|Angresse|1913-1927|Mariages|61|https://archives.landes.fr/_recherche-images/download/422904/image/58078/0/full/max/0/default.jpg
4 E 411/11|Angresse|1913-1922|Tables|6|https://archives.landes.fr/_recherche-images/download/422773/image/57945/0/full/max/0/default.jpg
4 E 411/12|Angresse|1923-1932|Tables|6|https://archives.landes.fr/_recherche-images/download/422803/image/57975/0/full/max/0/default.jpg
4 E 411/13|Angresse|1933-1942|Tables|4|https://archives.landes.fr/_recherche-images/download/424515/image/59682/0/full/max/0/default.jpg
4 E 413/11|Angresse|1943-1952|Tables|5|https://archives.landes.fr/_recherche-images/download/1546636/image/154038/0/full/max/0/default.jpg
E dépôt 5 / GG 1|Arboucave|1704-1714|Baptêmes, Mariages, Sépultures|56|https://archives.landes.fr/_recherche-images/download/435959/image/64124/0/full/max/0/default.jpg
E dépôt 5 / GG 2|Arboucave|1712-1742|Baptêmes, Mariages, Sépultures|133|https://archives.landes.fr/_recherche-images/download/435960/image/64125/0/full/max/0/default.jpg
E dépôt 5 / GG 3|Arboucave|1743-1762|Baptêmes, Mariages, Sépultures|62|https://archives.landes.fr/_recherche-images/download/435961/image/64126/0/full/max/0/default.jpg
E dépôt 5 / GG 4|Arboucave|1763-1772|Baptêmes, Mariages, Sépultures|56|https://archives.landes.fr/_recherche-images/download/435962/image/64127/0/full/max/0/default.jpg
E dépôt 5 / GG 5|Arboucave|1773-1782|Baptêmes, Mariages, Sépultures|74|https://archives.landes.fr/_recherche-images/download/435963/image/64128/0/full/max/0/default.jpg
E dépôt 5 / GG 6|Arboucave|1783-1792|Baptêmes, Mariages, Sépultures|59|https://archives.landes.fr/_recherche-images/download/435964/image/64129/0/full/max/0/default.jpg
E dépôt 5 / GG7|Arboucave|1789-1795|Baptêmes, Sépultures, Naissances, Mariages, Décès|169|https://archives.landes.fr/_recherche-images/download/435958/image/64123/0/full/max/0/default.jpg
4 E 397/12|Arboucave|1802-1892|Tables|55|https://archives.landes.fr/_recherche-images/download/435943/image/64108/0/full/max/0/default.jpg
4 E 5/1|Arboucave|1803-1831|Naissances|115|https://archives.landes.fr/_recherche-images/download/435947/image/64112/0/full/max/0/default.jpg
4 E 5/6|Arboucave|1803-1831|Décès|104|https://archives.landes.fr/_recherche-images/download/435954/image/64119/0/full/max/0/default.jpg
4 E 5/3|Arboucave|1806-1870|Publications de mariage|174|https://archives.landes.fr/_recherche-images/download/435951/image/64116/0/full/max/0/default.jpg
4 E 5/4|Arboucave|1806-1831|Mariages|63|https://archives.landes.fr/_recherche-images/download/435952/image/64117/0/full/max/0/default.jpg
4 E 5/2|Arboucave|1832-1870|Naissances|139|https://archives.landes.fr/_recherche-images/download/435950/image/64115/0/full/max/0/default.jpg
4 E 5/5|Arboucave|1832-1870|Mariages|148|https://archives.landes.fr/_recherche-images/download/435953/image/64118/0/full/max/0/default.jpg
4 E 5/7|Arboucave|1832-1870|Décès|163|https://archives.landes.fr/_recherche-images/download/435955/image/64120/0/full/max/0/default.jpg
4 E 5/8|Arboucave|1871-1898|Naissances|87|https://archives.landes.fr/_recherche-images/download/435956/image/64121/0/full/max/0/default.jpg
4 E 5/9|Arboucave|1871-1897|Publications de mariage|105|https://archives.landes.fr/_recherche-images/download/435957/image/64122/0/full/max/0/default.jpg
4 E 5/10|Arboucave|1871-1898|Mariages|95|https://archives.landes.fr/_recherche-images/download/435948/image/64113/0/full/max/0/default.jpg
4 E 5/11|Arboucave|1871-1898|Décès|89|https://archives.landes.fr/_recherche-images/download/435949/image/64114/0/full/max/0/default.jpg
4 E 397/7|Arboucave|1893-1902|Tables|5|https://archives.landes.fr/_recherche-images/download/435944/image/64109/0/full/max/0/default.jpg
4 E 5/12|Arboucave|1899-1910|Naissances|41|https://archives.landes.fr/_recherche-images/download/441776/image/70068/0/full/max/0/default.jpg
4 E 5/13|Arboucave|1899-1927|Publications de mariage|98|https://archives.landes.fr/_recherche-images/download/422905/image/58079/0/full/max/0/default.jpg
4 E 5/14|Arboucave|1899-1910|Mariages|43|https://archives.landes.fr/_recherche-images/download/441780/image/70072/0/full/max/0/default.jpg
4 E 29/10|Arboucave|1899-1910|Décès|36|https://archives.landes.fr/_recherche-images/download/441824/image/70116/0/full/max/0/default.jpg
4 E 397/7|Arboucave|1903-1912|Tables|6|https://archives.landes.fr/_recherche-images/download/435945/image/64110/0/full/max/0/default.jpg
4 E 397/7|Arboucave|1913-1922|Tables|4|https://archives.landes.fr/_recherche-images/download/435946/image/64111/0/full/max/0/default.jpg
4 E 397/8|Arboucave|1923-1942|Tables|5|https://archives.landes.fr/_recherche-images/download/424251/image/59425/0/full/max/0/default.jpg
4 E 397/8|Arboucave|1933-1942|Tables|4|https://archives.landes.fr/_recherche-images/download/424268/image/59442/0/full/max/0/default.jpg
E dépôt 6 / GG 1|Arengosse|1704-1718|Baptêmes, Mariages, Sépultures|94|https://archives.landes.fr/_recherche-images/download/440818/image/69115/0/full/max/0/default.jpg
E dépôt 6 / GG 2|Arengosse|1719-1733|Baptêmes, Mariages, Sépultures|115|https://www.archives.landes.fr/_recherche-images/download/440819/image/69116/0/full/max/0/default.jpg
E dépôt 6 / GG 3|Arengosse|1734-1744|Baptêmes, Mariages, Sépultures|116|https://www.archives.landes.fr/_recherche-images/download/440820/image/69117/0/full/max/0/default.jpg
4 E 6/1|Arengosse|1737-1754|Baptêmes, Mariages, Sépultures|208|https://archives.landes.fr/_recherche-images/download/440841/image/69137/0/full/max/0/default.jpg
E dépôt 6 / GG 4|Arengosse|1745-1753|Baptêmes, Mariages, Sépultures|140|https://www.archives.landes.fr/_recherche-images/download/440822/image/69118/0/full/max/0/default.jpg
E dépôt 6 / GG 5|Arengosse|1754-1764|Baptêmes, Mariages, Sépultures|162|https://archives.landes.fr/_recherche-images/download/440823/image/69119/0/full/max/0/default.jpg
4 E 6/2|Arengosse|1755-1765|Baptêmes, Mariages, Sépultures|159|https://archives.landes.fr/_recherche-images/download/440842/image/69138/0/full/max/0/default.jpg
E dépôt 6 / GG 6|Arengosse|1765-1774|Baptêmes, Mariages, Sépultures|142|https://archives.landes.fr/_recherche-images/download/440824/image/69120/0/full/max/0/default.jpg
4 E 6/3|Arengosse|1766-1779|Baptêmes, Mariages, Sépultures|190|https://archives.landes.fr/_recherche-images/download/440843/image/69139/0/full/max/0/default.jpg
E dépôt 6 / GG 7|Arengosse|1775-1783|Baptêmes, Mariages, Sépultures|152|https://archives.landes.fr/_recherche-images/download/440825/image/69121/0/full/max/0/default.jpg
4 E 6/4|Arengosse|1780-1791|Baptêmes, Mariages, Sépultures|182|https://archives.landes.fr/_recherche-images/download/440844/image/69140/0/full/max/0/default.jpg
E dépôt 6 / GG 8|Arengosse|1784-1792|Baptêmes, Mariages, Sépultures|131|https://archives.landes.fr/_recherche-images/download/440826/image/69122/0/full/max/0/default.jpg
1 MIEC Supp 12|Arengosse|1793-1802|Naissances|154|https://archives.landes.fr/_recherche-images/download/440834/image/69130/0/full/max/0/default.jpg
1 MIEC Supp 12|Arengosse|1793-1802|Mariages|79|https://archives.landes.fr/_recherche-images/download/440835/image/69131/0/full/max/0/default.jpg
1 MIEC Supp 12|Arengosse|1793-1802|Décès|110|https://archives.landes.fr/_recherche-images/download/440836/image/69132/0/full/max/0/default.jpg
4 E 6/5|Arengosse|1802-1831|Naissances|281|https://archives.landes.fr/_recherche-images/download/440845/image/69141/0/full/max/0/default.jpg
4 E 6/11|Arengosse|1802-1831|Mariages|126|https://archives.landes.fr/_recherche-images/download/440851/image/69147/0/full/max/0/default.jpg
4 E 6/14|Arengosse|1802-1831|Décès|261|https://archives.landes.fr/_recherche-images/download/440854/image/69150/0/full/max/0/default.jpg
4 E 393/1|Arengosse|1802-1832|Tables|49|https://archives.landes.fr/_recherche-images/download/440827/image/69123/0/full/max/0/default.jpg
4 E 6/8|Arengosse|1804-1831|Publications de mariage|113|https://archives.landes.fr/_recherche-images/download/440848/image/69144/0/full/max/0/default.jpg
4 E 6/6|Arengosse|1832-1851|Naissances|185|https://archives.landes.fr/_recherche-images/download/440846/image/69142/0/full/max/0/default.jpg
4 E 6/9|Arengosse|1832-1861|Publications de mariage|283|https://archives.landes.fr/_recherche-images/download/440849/image/69145/0/full/max/0/default.jpg
4 E 6/12|Arengosse|1832-1851|Mariages|196|https://archives.landes.fr/_recherche-images/download/440852/image/69148/0/full/max/0/default.jpg
4 E 6/15|Arengosse|1832-1851|Décès|171|https://archives.landes.fr/_recherche-images/download/440855/image/69151/0/full/max/0/default.jpg
4 E 393/2|Arengosse|1833-1842|Tables|19|https://archives.landes.fr/_recherche-images/download/440828/image/69124/0/full/max/0/default.jpg
4 E 393/2|Arengosse|1843-1852|Tables|16|https://archives.landes.fr/_recherche-images/download/440829/image/69125/0/full/max/0/default.jpg
4 E 6/7|Arengosse|1852-1869|Naissances|222|https://archives.landes.fr/_recherche-images/download/440847/image/69143/0/full/max/0/default.jpg
4 E 6/13|Arengosse|1852-1869|Mariages, Décès|186|https://archives.landes.fr/_recherche-images/download/440853/image/69149/0/full/max/0/default.jpg
4 E 6/16|Arengosse|1852-1869|Décès, Mariages|192|https://archives.landes.fr/_recherche-images/download/440856/image/69152/0/full/max/0/default.jpg
4 E 393/3|Arengosse|1853-1862|Tables|25|https://archives.landes.fr/_recherche-images/download/440830/image/69126/0/full/max/0/default.jpg
4 E 6/10|Arengosse|1863-1869|Publications de mariage|66|https://archives.landes.fr/_recherche-images/download/440850/image/69146/0/full/max/0/default.jpg
4 E 393/3|Arengosse|1863-1872|Tables|25|https://archives.landes.fr/_recherche-images/download/440831/image/69127/0/full/max/0/default.jpg
4 E 6/17|Arengosse|1870-1884|Naissances|172|https://archives.landes.fr/_recherche-images/download/440857/image/69153/0/full/max/0/default.jpg
4 E 6/18|Arengosse|1870-1882|Publications de mariage|118|https://archives.landes.fr/_recherche-images/download/440858/image/69154/0/full/max/0/default.jpg
4 E 6/19|Arengosse|1870-1884|Mariages|167|https://archives.landes.fr/_recherche-images/download/440859/image/69155/0/full/max/0/default.jpg
4 E 6/20|Arengosse|1870-1884|Décès|126|https://archives.landes.fr/_recherche-images/download/440860/image/69156/0/full/max/0/default.jpg
4 E 393/4|Arengosse|1873-1892|Tables|39|https://archives.landes.fr/_recherche-images/download/440832/image/69128/0/full/max/0/default.jpg
4 E 6/21|Arengosse|1885-1898|Naissances|136|https://archives.landes.fr/_recherche-images/download/440837/image/69133/0/full/max/0/default.jpg
4 E 6/21|Arengosse|1885-1898|Décès|86|https://archives.landes.fr/_recherche-images/download/440838/image/69134/0/full/max/0/default.jpg
4 E 6/22|Arengosse|1885-1898|Publications de mariage|118|https://archives.landes.fr/_recherche-images/download/440839/image/69135/0/full/max/0/default.jpg
4 E 6/23|Arengosse|1885-1898|Mariages|139|https://archives.landes.fr/_recherche-images/download/440840/image/69136/0/full/max/0/default.jpg
4 E 393/5|Arengosse|1893-1902|Tables|16|https://archives.landes.fr/_recherche-images/download/440833/image/69129/0/full/max/0/default.jpg
4 E 6/21|Arengosse|1899-1904|Naissances, Décès|92|https://archives.landes.fr/_recherche-images/download/440955/image/69249/0/full/max/0/default.jpg
4 E 6/22|Arengosse|1899-1904|Publications de mariage|66|https://archives.landes.fr/_recherche-images/download/440956/image/69250/0/full/max/0/default.jpg
4 E 6/23|Arengosse|1899-1904|Mariages|81|https://archives.landes.fr/_recherche-images/download/440957/image/69251/0/full/max/0/default.jpg
4 E 393/6|Arengosse|1903-1912|Tables|16|https://archives.landes.fr/_recherche-images/download/422071/image/57237/0/full/max/0/default.jpg
4 E 6/25|Arengosse|1905-1927|Publications de mariage|140|https://archives.landes.fr/_recherche-images/download/422908/image/58082/0/full/max/0/default.jpg
4 E 6/26|Arengosse|1905-1927|Mariages|234|https://archives.landes.fr/_recherche-images/download/422909/image/58083/0/full/max/0/default.jpg
4 E 6/27|Arengosse|1905-1927|Décès|134|https://archives.landes.fr/_recherche-images/download/422910/image/58084/0/full/max/0/default.jpg
4 E 393/6|Arengosse|1913-1922|Tables|13|https://archives.landes.fr/_recherche-images/download/422437/image/57603/0/full/max/0/default.jpg
4 E 401/6|Arengosse|1923-1932|Tables|11|https://archives.landes.fr/_recherche-images/download/424327/image/59496/0/full/max/0/default.jpg
4 E 396/8|Arengosse|1933-1942|Tables|9|https://archives.landes.fr/_recherche-images/download/424242/image/59416/0/full/max/0/default.jpg
4 E 7/1|Argelos|1738-1792|Baptêmes, Mariages|299|https://archives.landes.fr/_recherche-images/download/435967/image/64132/0/full/max/0/default.jpg
E dépôt 7 / GG 1|Argelos|1747-1792|Baptêmes, Mariages|154|https://www.archives.landes.fr/_recherche-images/download/435975/image/64140/0/full/max/0/default.jpg
E dépôt 7 / GG 2|Argelos|1747-1770|Sépultures|65|https://www.archives.landes.fr/_recherche-images/download/435976/image/64141/0/full/max/0/default.jpg
E dépôt 7 / GG 4|Argelos|1771-1792|Sépultures|60|https://archives.landes.fr/_recherche-images/download/435978/image/64143/0/full/max/0/default.jpg
1 MIEC Supp 11|Argelos|1792-1802|Baptêmes, Sépultures, Naissances, Mariages, Décès|107|https://archives.landes.fr/_recherche-images/download/435965/image/64130/0/full/max/0/default.jpg
E dépôt 7 / GG 3|Argelos|1792-1795|Baptêmes, Mariages, Sépultures|60|https://archives.landes.fr/_recherche-images/download/435977/image/64142/0/full/max/0/default.jpg
4 E 392/2|Argelos|1802-1892|Tables|58|https://archives.landes.fr/_recherche-images/download/435966/image/64131/0/full/max/0/default.jpg
4 E 7/3|Argelos|1803-1831|Naissances|127|https://archives.landes.fr/_recherche-images/download/435968/image/64133/0/full/max/0/default.jpg
4 E 7/6|Argelos|1803-1831|Mariages|56|https://archives.landes.fr/_recherche-images/download/435971/image/64136/0/full/max/0/default.jpg
4 E 7/8|Argelos|1803-1831|Décès|114|https://archives.landes.fr/_recherche-images/download/435973/image/64138/0/full/max/0/default.jpg
4 E 7/5|Argelos|1808-1869|Publications de mariage|182|https://archives.landes.fr/_recherche-images/download/435970/image/64135/0/full/max/0/default.jpg
4 E 7/4|Argelos|1832-1870|Naissances|149|https://archives.landes.fr/_recherche-images/download/435969/image/64134/0/full/max/0/default.jpg
4 E 7/7|Argelos|1832-1870|Mariages|143|https://archives.landes.fr/_recherche-images/download/435972/image/64137/0/full/max/0/default.jpg
4 E 7/9|Argelos|1832-1870|Décès|152|https://archives.landes.fr/_recherche-images/download/435974/image/64139/0/full/max/0/default.jpg
4 E 7/10|Argelos|1871-1898|Naissances|297|https://archives.landes.fr/_recherche-images/download/441071/image/69364/0/full/max/0/default.jpg
4 E 7/11|Argelos|1871-1898|Publications de mariage|72|https://archives.landes.fr/_recherche-images/download/441072/image/69365/0/full/max/0/default.jpg
4 E 392/8|Argelos|1893-1902|Tables|5|https://archives.landes.fr/_recherche-images/download/422041/image/57207/0/full/max/0/default.jpg
4 E 7/12|Argelos|1899-1910|Naissances, Mariages, Décès|129|https://archives.landes.fr/_recherche-images/download/441073/image/69366/0/full/max/0/default.jpg
4 E 7/13|Argelos|1899-1927|Publications de mariage|92|https://archives.landes.fr/_recherche-images/download/422911/image/58085/0/full/max/0/default.jpg
4 E 392/8|Argelos|1903-1912|Tables|5|https://archives.landes.fr/_recherche-images/download/422056/image/57222/0/full/max/0/default.jpg
4 E 392/8|Argelos|1913-1922|Tables|4|https://archives.landes.fr/_recherche-images/download/422446/image/57612/0/full/max/0/default.jpg
4 E 392/9|Argelos|1923-1932|Tables|4|https://archives.landes.fr/_recherche-images/download/422462/image/57628/0/full/max/0/default.jpg
4 E 8/1|Argelouse|1737-1773|Baptêmes, Mariages|108|https://www.archives.landes.fr/_recherche-images/download/435988/image/64153/0/full/max/0/default.jpg
E dépôt 8 / GG 1|Argelouse|1737-1773|Baptêmes, Mariages, Sépultures|111|https://www.archives.landes.fr/_recherche-images/download/435999/image/64164/0/full/max/0/default.jpg
4 E 8/2|Argelouse|1774-1796|Baptêmes, Mariages|115|https://archives.landes.fr/_recherche-images/download/435991/image/64156/0/full/max/0/default.jpg
E dépôt 8 / GG 1|Argelouse|1774-1792|Baptêmes, Mariages, Sépultures|112|https://archives.landes.fr/_recherche-images/download/436000/image/64165/0/full/max/0/default.jpg
E dépôt 8 / E 1, E 2, E 4, E 7|Argelouse|1793-1802|Naissances, Mariages, Décès|132|https://archives.landes.fr/_recherche-images/download/435998/image/64163/0/full/max/0/default.jpg
4 E 414/1|Argelouse|1802-1832|Tables|28|https://archives.landes.fr/_recherche-images/download/435982/image/64147/0/full/max/0/default.jpg
4 E 8/3|Argelouse|1803-1831|Naissances|155|https://archives.landes.fr/_recherche-images/download/435992/image/64157/0/full/max/0/default.jpg
4 E 8/6|Argelouse|1803-1831|Mariages|73|https://archives.landes.fr/_recherche-images/download/435994/image/64159/0/full/max/0/default.jpg
4 E 8/8|Argelouse|1803-1831|Décès|113|https://archives.landes.fr/_recherche-images/download/435996/image/64161/0/full/max/0/default.jpg
4 E 8/4|Argelouse|1832-1871|Naissances|159|https://archives.landes.fr/_recherche-images/download/435993/image/64158/0/full/max/0/default.jpg
4 E 8/7|Argelouse|1832-1871|Mariages|156|https://archives.landes.fr/_recherche-images/download/435995/image/64160/0/full/max/0/default.jpg
4 E 8/9|Argelouse|1832-1871|Décès|117|https://archives.landes.fr/_recherche-images/download/435997/image/64162/0/full/max/0/default.jpg
4 E 414/2|Argelouse|1843-1852|Tables|4|https://archives.landes.fr/_recherche-images/download/435983/image/64148/0/full/max/0/default.jpg
4 E 414/3|Argelouse|1853-1862|Tables|8|https://archives.landes.fr/_recherche-images/download/435984/image/64149/0/full/max/0/default.jpg
4 E 414/3|Argelouse|1863-1872|Tables|8|https://archives.landes.fr/_recherche-images/download/435985/image/64150/0/full/max/0/default.jpg
4 E 8/10|Argelouse|1872-1884|Naissances, Mariages, Décès|123|https://archives.landes.fr/_recherche-images/download/435989/image/64154/0/full/max/0/default.jpg
4 E 8/11|Argelouse|1872-1884|Publications de mariage|57|https://archives.landes.fr/_recherche-images/download/435990/image/64155/0/full/max/0/default.jpg
4 E 414/4|Argelouse|1873-1892|Tables|11|https://archives.landes.fr/_recherche-images/download/435986/image/64151/0/full/max/0/default.jpg
2 MIEC 9/1|Argelouse|1885-1898|Décès|33|https://archives.landes.fr/_recherche-images/download/435979/image/64144/0/full/max/0/default.jpg
2 MIEC 9/1|Argelouse|1885-1898|Naissances, Mariages|76|https://archives.landes.fr/_recherche-images/download/435980/image/64145/0/full/max/0/default.jpg
2 MIEC 9/1|Argelouse|1885-1898|Publications de mariage|42|https://archives.landes.fr/_recherche-images/download/435981/image/64146/0/full/max/0/default.jpg
4 E 414/4|Argelouse|1893-1902|Tables|5|https://archives.landes.fr/_recherche-images/download/435987/image/64152/0/full/max/0/default.jpg
4 E 8/12|Argelouse|1899-1904|Naissances, Mariages, Décès|58|https://archives.landes.fr/_recherche-images/download/440958/image/69252/0/full/max/0/default.jpg
4 E 8/13|Argelouse|1899-1904|Publications de mariage|22|https://archives.landes.fr/_recherche-images/download/440959/image/69253/0/full/max/0/default.jpg
4 E 407/5|Argelouse|1903-1912|Tables|4|https://archives.landes.fr/_recherche-images/download/422267/image/57433/0/full/max/0/default.jpg
4 E 407/5|Argelouse|1913-1922|Tables|3|https://archives.landes.fr/_recherche-images/download/422727/image/57899/0/full/max/0/default.jpg
4 E 410/7|Argelouse|1923-1932|Tables|4|https://archives.landes.fr/_recherche-images/download/424479/image/59646/0/full/max/0/default.jpg
4 E 8/15|Argelouse|1927-1927|Publications de mariage|3|https://archives.landes.fr/_recherche-images/download/422914/image/58088/0/full/max/0/default.jpg
4 E 405/5|Argelouse|1933-1942|Tables|3|https://archives.landes.fr/_recherche-images/download/424435/image/59602/0/full/max/0/default.jpg
E dépôt 9 / GG 1|Arjuzanx|1678-1700|Baptêmes, Mariages, Sépultures|103|https://www.archives.landes.fr/_recherche-images/download/436032/image/64201/0/full/max/0/default.jpg
E dépôt 9 / GG 2-3|Arjuzanx|1701-1713,1739-1744|Baptêmes, Mariages, Sépultures|159|https://www.archives.landes.fr/_recherche-images/download/436033/image/64202/0/full/max/0/default.jpg
4 E 9/1|Arjuzanx|1733-1766|Baptêmes, Mariages, Sépultures|251|https://archives.landes.fr/_recherche-images/download/436012/image/64179/0/full/max/0/default.jpg
E dépôt 9 / GG 4|Arjuzanx|1745-1753|Baptêmes, Mariages, Sépultures|88|https://archives.landes.fr/_recherche-images/download/436034/image/64203/0/full/max/0/default.jpg
E dépôt 9 / GG 5|Arjuzanx|1754-1764|Baptêmes, Mariages, Sépultures|111|https://archives.landes.fr/_recherche-images/download/436035/image/64204/0/full/max/0/default.jpg
E dépôt 9 / GG 6|Arjuzanx|1765-1774|Baptêmes, Mariages, Sépultures|102|https://archives.landes.fr/_recherche-images/download/436036/image/64205/0/full/max/0/default.jpg
4 E 9/2|Arjuzanx|1767-1790|Baptêmes, Mariages, Sépultures|206|https://archives.landes.fr/_recherche-images/download/436022/image/64189/0/full/max/0/default.jpg
E dépôt 9 / GG 7|Arjuzanx|1775-1783|Baptêmes, Mariages, Sépultures|82|https://archives.landes.fr/_recherche-images/download/436037/image/64206/0/full/max/0/default.jpg
E dépôt 9 / GG 8|Arjuzanx|1784-1792|Baptêmes, Mariages, Sépultures|74|https://archives.landes.fr/_recherche-images/download/436038/image/64207/0/full/max/0/default.jpg
E dépôt 9 / E 1-2|Arjuzanx|an II-an X|Naissances, Mariages, Décès|271|https://archives.landes.fr/_recherche-images/download/436031/image/64200/0/full/max/0/default.jpg
4 E 9/3|Arjuzanx|an VII-an VIII|Mariages|325|https://archives.landes.fr/_recherche-images/download/436023/image/64190/0/full/max/0/default.jpg
4 E 393/1|Arjuzanx|1802-1832|Tables|36|https://archives.landes.fr/_recherche-images/download/436005/image/64170/0/full/max/0/default.jpg
4 E 9/4|Arjuzanx|1803-1831|Naissances|205|https://archives.landes.fr/_recherche-images/download/436024/image/64191/0/full/max/0/default.jpg
4 E 9/10|Arjuzanx|1803-1831|Mariages|107|https://archives.landes.fr/_recherche-images/download/436013/image/64180/0/full/max/0/default.jpg
4 E 9/13|Arjuzanx|1803-1831|Décès|185|https://archives.landes.fr/_recherche-images/download/436016/image/64183/0/full/max/0/default.jpg
4 E 9/7|Arjuzanx|1807-1811|Publications de mariage|19|https://archives.landes.fr/_recherche-images/download/436027/image/64196/0/full/max/0/default.jpg
4 E 9/7|Arjuzanx|1811-1831|Publications de mariage|106|https://archives.landes.fr/_recherche-images/download/436028/image/64197/0/full/max/0/default.jpg
4 E 9/5|Arjuzanx|1832-1851|Naissances|136|https://archives.landes.fr/_recherche-images/download/436025/image/64192/0/full/max/0/default.jpg
4 E 9/8|Arjuzanx|1832-1861|Publications de mariage|214|https://archives.landes.fr/_recherche-images/download/436029/image/64198/0/full/max/0/default.jpg
4 E 9/11|Arjuzanx|1832-1851|Mariages|138|https://archives.landes.fr/_recherche-images/download/436014/image/64181/0/full/max/0/default.jpg
4 E 9/14|Arjuzanx|1832-1851|Décès|124|https://archives.landes.fr/_recherche-images/download/436017/image/64184/0/full/max/0/default.jpg
4 E 393/2|Arjuzanx|1833-1842|Tables|14|https://archives.landes.fr/_recherche-images/download/436006/image/64171/0/full/max/0/default.jpg
4 E 393/2|Arjuzanx|1843-1852|Tables|11|https://archives.landes.fr/_recherche-images/download/436007/image/64172/0/full/max/0/default.jpg
4 E 9/6|Arjuzanx|1852-1869|Naissances|159|https://archives.landes.fr/_recherche-images/download/436026/image/64193/0/full/max/0/default.jpg
4 E 9/12|Arjuzanx|1852-1869|Mariages|148|https://archives.landes.fr/_recherche-images/download/436015/image/64182/0/full/max/0/default.jpg
4 E 9/15|Arjuzanx|1852-1869|Décès|131|https://archives.landes.fr/_recherche-images/download/436018/image/64185/0/full/max/0/default.jpg
4 E 393/3|Arjuzanx|1853-1862|Tables|16|https://archives.landes.fr/_recherche-images/download/436008/image/64173/0/full/max/0/default.jpg
4 E 9/9|Arjuzanx|1862-1869|Publications de mariage|63|https://archives.landes.fr/_recherche-images/download/436030/image/64199/0/full/max/0/default.jpg
4 E 393/3|Arjuzanx|1863-1872|Tables|18|https://archives.landes.fr/_recherche-images/download/436009/image/64174/0/full/max/0/default.jpg
4 E 9/16|Arjuzanx|1870-1884|Naissances, Mariages|218|https://archives.landes.fr/_recherche-images/download/436019/image/64186/0/full/max/0/default.jpg
4 E 9/17|Arjuzanx|1870-1882|Publications de mariage|85|https://archives.landes.fr/_recherche-images/download/436020/image/64187/0/full/max/0/default.jpg
4 E 9/18|Arjuzanx|1870-1884|Décès|89|https://archives.landes.fr/_recherche-images/download/436021/image/64188/0/full/max/0/default.jpg
4 E 393/4|Arjuzanx|1873-1892|Tables|29|https://archives.landes.fr/_recherche-images/download/436010/image/64175/0/full/max/0/default.jpg
2 MIEC 8/1|Arjuzanx|1885-1898|Décès|63|https://archives.landes.fr/_recherche-images/download/436001/image/64166/0/full/max/0/default.jpg
2 MIEC 8/1|Arjuzanx|1885-1898|Mariages|98|https://archives.landes.fr/_recherche-images/download/436002/image/64167/0/full/max/0/default.jpg
2 MIEC 8/1|Arjuzanx|1885-1898|Naissances|103|https://archives.landes.fr/_recherche-images/download/436003/image/64168/0/full/max/0/default.jpg
2 MIEC 8/1|Arjuzanx|1885-1898|Publications de mariage|87|https://archives.landes.fr/_recherche-images/download/436004/image/64169/0/full/max/0/default.jpg
4 E 393/5|Arjuzanx|1893-1902|Tables|10|https://archives.landes.fr/_recherche-images/download/436011/image/64178/0/full/max/0/default.jpg
4 E 9/19|Arjuzanx|1899-1904|Naissances, Mariages, Décès|94|https://archives.landes.fr/_recherche-images/download/440960/image/69254/0/full/max/0/default.jpg
4 E 9/20|Arjuzanx|1899-1904|Publications de mariage|35|https://archives.landes.fr/_recherche-images/download/440961/image/69255/0/full/max/0/default.jpg
4 E 393/6|Arjuzanx|1903-1912|Tables|9|https://archives.landes.fr/_recherche-images/download/422072/image/57238/0/full/max/0/default.jpg
4 E 9/23|Arjuzanx|1905-1927|Mariages|144|https://archives.landes.fr/_recherche-images/download/422917/image/58091/0/full/max/0/default.jpg
4 E 9/24|Arjuzanx|1905-1927|Décès|82|https://archives.landes.fr/_recherche-images/download/422918/image/58092/0/full/max/0/default.jpg
4 E 393/6|Arjuzanx|1913-1922|Tables|8|https://archives.landes.fr/_recherche-images/download/422438/image/57604/0/full/max/0/default.jpg
4 E 401/6|Arjuzanx|1923-1932|Tables|8|https://archives.landes.fr/_recherche-images/download/424328/image/59497/0/full/max/0/default.jpg
4 E 9/22|Arjuzanx|1927-1927|Publications de mariage|4|https://archives.landes.fr/_recherche-images/download/422916/image/58090/0/full/max/0/default.jpg
4 E 9/26|Arjuzanx|1928-1946|Mariages|77|https://archives.landes.fr/_recherche-images/download/1542629/image/152879/0/full/max/0/default.jpg
4 E 9/27|Arjuzanx|1928-1946|Décès|61|https://archives.landes.fr/_recherche-images/download/1354793/image/121022/0/full/max/0/default.jpg
4 E 396/8|Arjuzanx|1933-1942|Tables|6|https://archives.landes.fr/_recherche-images/download/424243/image/59417/0/full/max/0/default.jpg
E dépôt 10 / GG 5|Arouille|1671-1699|Baptêmes, Mariages, Sépultures|121|https://archives.landes.fr/_recherche-images/download/436058/image/64227/0/full/max/0/default.jpg
E dépôt 10 / GG 1|Arouille|1675-1736|Baptêmes, Mariages, Sépultures|86|https://archives.landes.fr/_recherche-images/download/436053/image/64222/0/full/max/0/default.jpg
E dépôt 10 / GG 2|Arouille|1694-1717|Baptêmes, Mariages, Sépultures|75|https://archives.landes.fr/_recherche-images/download/436055/image/64224/0/full/max/0/default.jpg
E dépôt 10 / GG 6|Arouille|1700-1731|Baptêmes, Mariages, Sépultures|187|https://archives.landes.fr/_recherche-images/download/436059/image/64228/0/full/max/0/default.jpg
E dépôt 10 / GG 7|Arouille|1732-1752|Baptêmes, Mariages, Sépultures|110|https://archives.landes.fr/_recherche-images/download/436060/image/64229/0/full/max/0/default.jpg
4 E 10/1|Arouille|1737-1787|Baptêmes, Mariages, Sépultures|200|https://archives.landes.fr/_recherche-images/download/436039/image/64208/0/full/max/0/default.jpg
E dépôt 10 / GG 3|Arouille|1737-1768|Baptêmes, Mariages, Sépultures|70|https://archives.landes.fr/_recherche-images/download/436056/image/64225/0/full/max/0/default.jpg
E dépôt 10 / GG 8|Arouille|1752-1761|Baptêmes, Mariages, Sépultures|55|https://archives.landes.fr/_recherche-images/download/436061/image/64230/0/full/max/0/default.jpg
E dépôt 10 / GG 9|Arouille|1762-1774|Baptêmes, Mariages, Sépultures|68|https://archives.landes.fr/_recherche-images/download/436062/image/64231/0/full/max/0/default.jpg
E dépôt 10 / GG 4|Arouille|1764-1792|Baptêmes, Mariages, Sépultures|76|https://archives.landes.fr/_recherche-images/download/436057/image/64226/0/full/max/0/default.jpg
E dépôt 10 / GG 10|Arouille|1775-1788|Baptêmes, Mariages, Sépultures|71|https://archives.landes.fr/_recherche-images/download/436054/image/64223/0/full/max/0/default.jpg
4 E 10/2|Arouille|1803-1831|Naissances|117|https://archives.landes.fr/_recherche-images/download/436045/image/64214/0/full/max/0/default.jpg
4 E 10/5|Arouille|1803-1831|Mariages|66|https://archives.landes.fr/_recherche-images/download/436048/image/64217/0/full/max/0/default.jpg
4 E 10/7|Arouille|1803-1831|Décès|115|https://archives.landes.fr/_recherche-images/download/436050/image/64219/0/full/max/0/default.jpg
4 E 10/4|Arouille|1809-1871|Publications de mariage|274|https://archives.landes.fr/_recherche-images/download/436047/image/64216/0/full/max/0/default.jpg
4 E 10/3|Arouille|1832-1871|Naissances|168|https://archives.landes.fr/_recherche-images/download/436046/image/64215/0/full/max/0/default.jpg
4 E 10/6|Arouille|1832-1871|Mariages|185|https://archives.landes.fr/_recherche-images/download/436049/image/64218/0/full/max/0/default.jpg
4 E 10/8|Arouille|1832-1871|Décès|146|https://archives.landes.fr/_recherche-images/download/436051/image/64220/0/full/max/0/default.jpg
4 E 10/9|Arouille|1872-1884|Naissances, Mariages, Décès|141|https://archives.landes.fr/_recherche-images/download/436052/image/64221/0/full/max/0/default.jpg
4 E 10/10|Arouille|1872-1884|Publications de mariage|54|https://archives.landes.fr/_recherche-images/download/436040/image/64209/0/full/max/0/default.jpg
4 E 10/11|Arouille|1885-1898|Décès|38|https://archives.landes.fr/_recherche-images/download/436041/image/64210/0/full/max/0/default.jpg
4 E 10/11|Arouille|1885-1898|Mariages|51|https://archives.landes.fr/_recherche-images/download/436042/image/64211/0/full/max/0/default.jpg
4 E 10/11|Arouille|1885-1898|Naissances|50|https://archives.landes.fr/_recherche-images/download/436043/image/64212/0/full/max/0/default.jpg
4 E 10/12|Arouille|1885-1898|Publications de mariage|55|https://archives.landes.fr/_recherche-images/download/436044/image/64213/0/full/max/0/default.jpg
4 E 10/11|Arouille|1899-1904|Naissances, Mariages, Décès|67|https://archives.landes.fr/_recherche-images/download/440962/image/69256/0/full/max/0/default.jpg
4 E 10/12|Arouille|1899-1904|Publications de mariage|24|https://archives.landes.fr/_recherche-images/download/440963/image/69257/0/full/max/0/default.jpg
4 E 409/6|Arouille|1903-1912|Tables|7|https://archives.landes.fr/_recherche-images/download/422291/image/57457/0/full/max/0/default.jpg
4 E 10/14|Arouille|1905-1927|Publications de mariage|71|https://archives.landes.fr/_recherche-images/download/422920/image/58094/0/full/max/0/default.jpg
4 E 10/15|Arouille|1905-1927|Mariages|79|https://archives.landes.fr/_recherche-images/download/422921/image/58095/0/full/max/0/default.jpg
4 E 10/16|Arouille|1905-1927|Décès|64|https://archives.landes.fr/_recherche-images/download/422922/image/58096/0/full/max/0/default.jpg
4 E 409/6|Arouille|1913-1922|Tables|5|https://archives.landes.fr/_recherche-images/download/422731/image/57903/0/full/max/0/default.jpg
4 E 407/6|Arouille|1923-1932|Tables|5|https://archives.landes.fr/_recherche-images/download/424447/image/59614/0/full/max/0/default.jpg
4 E 402/15|Arouille|1933-1942|Tables|3|https://archives.landes.fr/_recherche-images/download/424387/image/59554/0/full/max/0/default.jpg
E dépôt 11 / GG 1|Arsague|1649-1693|Baptêmes, Mariages, Sépultures|42|https://archives.landes.fr/_recherche-images/download/436076/image/64245/0/full/max/0/default.jpg
E dépôt 11 / GG 2|Arsague|1694-1703|Baptêmes, Mariages, Sépultures|75|https://archives.landes.fr/_recherche-images/download/436077/image/64246/0/full/max/0/default.jpg
E dépôt 11 / GG 3|Arsague|1704-1742|Baptêmes, Mariages, Sépultures|77|https://archives.landes.fr/_recherche-images/download/436078/image/64247/0/full/max/0/default.jpg
E dépôt 11 / GG 4|Arsague|1743-1764|Baptêmes, Mariages, Sépultures|72|https://archives.landes.fr/_recherche-images/download/436079/image/64248/0/full/max/0/default.jpg
4 E 11/1|Arsague|1752-1791|Baptêmes, Mariages, Sépultures|71|https://archives.landes.fr/_recherche-images/download/436065/image/64234/0/full/max/0/default.jpg
E dépôt 11 / GG 5|Arsague|1765-1782|Baptêmes, Mariages, Sépultures|45|https://archives.landes.fr/_recherche-images/download/436080/image/64249/0/full/max/0/default.jpg
E dépôt 11 / GG 6|Arsague|1783-1792|Baptêmes, Mariages, Sépultures|47|https://archives.landes.fr/_recherche-images/download/436081/image/64250/0/full/max/0/default.jpg
1 MIEC Supp 11|Arsague|1793-1801|Naissances, Mariages, Décès|172|https://archives.landes.fr/_recherche-images/download/436063/image/64232/0/full/max/0/default.jpg
4 E 392/2|Arsague|1802-1892|Tables|52|https://archives.landes.fr/_recherche-images/download/436075/image/64244/0/full/max/0/default.jpg
4 E 11/2|Arsague|1803-1831|Naissances|123|https://archives.landes.fr/_recherche-images/download/436069/image/64238/0/full/max/0/default.jpg
4 E 11/5|Arsague|1803-1831|Mariages|75|https://archives.landes.fr/_recherche-images/download/436071/image/64240/0/full/max/0/default.jpg
4 E 11/7|Arsague|1803-1831|Décès|81|https://archives.landes.fr/_recherche-images/download/436073/image/64242/0/full/max/0/default.jpg
4 E 11/4|Arsague|1829-1870|Publications de mariage|159|https://archives.landes.fr/_recherche-images/download/436070/image/64239/0/full/max/0/default.jpg
4 E 11/03|Arsague|1832-1870|Naissances|143|https://archives.landes.fr/_recherche-images/download/436064/image/64233/0/full/max/0/default.jpg
4 E 11/6|Arsague|1832-1870|Mariages|147|https://archives.landes.fr/_recherche-images/download/436072/image/64241/0/full/max/0/default.jpg
4 E 11/8|Arsague|1832-1870|Décès|123|https://archives.landes.fr/_recherche-images/download/436074/image/64243/0/full/max/0/default.jpg
4 E 11/9|Arsague|1871-1910|Naissances|143|https://archives.landes.fr/_recherche-images/download/441074/image/69367/0/full/max/0/default.jpg
4 E 11/10|Arsague|1871-1898|Publications de mariage|101|https://archives.landes.fr/_recherche-images/download/436066/image/64235/0/full/max/0/default.jpg
4 E 11/11|Arsague|1871-1898|Décès|82|https://archives.landes.fr/_recherche-images/download/436067/image/64236/0/full/max/0/default.jpg
4 E 11/11|Arsague|1871-1898|Mariages|112|https://archives.landes.fr/_recherche-images/download/436068/image/64237/0/full/max/0/default.jpg
4 E 392/8|Arsague|1893-1902|Tables|6|https://archives.landes.fr/_recherche-images/download/422042/image/57208/0/full/max/0/default.jpg
4 E 11/10|Arsague|1899-1909|Publications de mariage|40|https://archives.landes.fr/_recherche-images/download/440964/image/69258/0/full/max/0/default.jpg
4 E 11/11|Arsague|1899-1910|Mariages, Décès|68|https://archives.landes.fr/_recherche-images/download/440965/image/69259/0/full/max/0/default.jpg
4 E 392/8|Arsague|1903-1912|Tables|5|https://archives.landes.fr/_recherche-images/download/422057/image/57223/0/full/max/0/default.jpg
4 E 392/8|Arsague|1913-1922|Tables|5|https://archives.landes.fr/_recherche-images/download/422447/image/57613/0/full/max/0/default.jpg
4 E 392/9|Arsague|1923-1932|Tables|5|https://archives.landes.fr/_recherche-images/download/422463/image/57629/0/full/max/0/default.jpg
4 E 11/13|Arsague|1924-1927|Publications de mariage|15|https://archives.landes.fr/_recherche-images/download/422924/image/58098/0/full/max/0/default.jpg
E dépôt 12 / GG 1|Artassenx|1747-1764|Sépultures|84|https://www.archives.landes.fr/_recherche-images/download/436104/image/64273/0/full/max/0/default.jpg
E dépôt 12 / GG 2|Artassenx|1765-1774|Sépultures|46|https://archives.landes.fr/_recherche-images/download/436105/image/64274/0/full/max/0/default.jpg
1 MIEC Supp 11|Artassenx|1793-1797|Sépultures, Baptêmes, Mariages|160|https://archives.landes.fr/_recherche-images/download/436082/image/64251/0/full/max/0/default.jpg
1 MIEC Supp 11|Artassenx|1797-1802|Naissances, Mariages, Décès|36|https://archives.landes.fr/_recherche-images/download/436083/image/64252/0/full/max/0/default.jpg
4 E 12/1|Artassenx|1801-1831|Naissances|95|https://archives.landes.fr/_recherche-images/download/436084/image/64253/0/full/max/0/default.jpg
4 E 12/4|Artassenx|1802-1831|Mariages|58|https://archives.landes.fr/_recherche-images/download/436091/image/64260/0/full/max/0/default.jpg
4 E 12/6|Artassenx|1802-1831|Décès|114|https://archives.landes.fr/_recherche-images/download/436093/image/64262/0/full/max/0/default.jpg
4 E 398/1|Artassenx|1803-1829|Tables|18|https://archives.landes.fr/_recherche-images/download/436097/image/64266/0/full/max/0/default.jpg
4 E 12/3|Artassenx|1808-1868|Publications de mariage|198|https://archives.landes.fr/_recherche-images/download/436090/image/64259/0/full/max/0/default.jpg
4 E 12/2|Artassenx|1832-1868|Naissances|118|https://archives.landes.fr/_recherche-images/download/436089/image/64258/0/full/max/0/default.jpg
4 E 12/5|Artassenx|1832-1868|Mariages|114|https://archives.landes.fr/_recherche-images/download/436092/image/64261/0/full/max/0/default.jpg
4 E 12/7|Artassenx|1832-1864|Décès|129|https://archives.landes.fr/_recherche-images/download/436094/image/64263/0/full/max/0/default.jpg
4 E 398/2|Artassenx|1833-1839|Tables|7|https://archives.landes.fr/_recherche-images/download/436098/image/64267/0/full/max/0/default.jpg
4 E 398/21|Artassenx|1843-1853|Tables|5|https://archives.landes.fr/_recherche-images/download/436099/image/64268/0/full/max/0/default.jpg
4 E 398/3|Artassenx|1853-1863|Tables|6|https://archives.landes.fr/_recherche-images/download/436100/image/64269/0/full/max/0/default.jpg
4 E 398/3|Artassenx|1863-1873|Tables|5|https://archives.landes.fr/_recherche-images/download/436101/image/64270/0/full/max/0/default.jpg
4 E 12/8|Artassenx|1869-1882|Publications de mariage|45|https://archives.landes.fr/_recherche-images/download/436095/image/64264/0/full/max/0/default.jpg
4 E 12/9|Artassenx|1869-1884|Naissances, Mariages, Décès|125|https://archives.landes.fr/_recherche-images/download/436096/image/64265/0/full/max/0/default.jpg
4 E 398/4|Artassenx|1873-1883|Tables|9|https://archives.landes.fr/_recherche-images/download/436102/image/64271/0/full/max/0/default.jpg
4 E 12/10|Artassenx|1885-1898|Publications de mariage|37|https://archives.landes.fr/_recherche-images/download/436085/image/64254/0/full/max/0/default.jpg
4 E 12/11|Artassenx|1885-1898|Décès|31|https://archives.landes.fr/_recherche-images/download/436086/image/64255/0/full/max/0/default.jpg
4 E 12/11|Artassenx|1885-1898|Mariages|29|https://archives.landes.fr/_recherche-images/download/436087/image/64256/0/full/max/0/default.jpg
4 E 12/11|Artassenx|1885-1898|Naissances|28|https://archives.landes.fr/_recherche-images/download/436088/image/64257/0/full/max/0/default.jpg
4 E 398/4|Artassenx|1893-1902|Tables|5|https://archives.landes.fr/_recherche-images/download/436103/image/64272/0/full/max/0/default.jpg
4 E 12/10|Artassenx|1899-1904|Publications de mariage|18|https://archives.landes.fr/_recherche-images/download/440966/image/69260/0/full/max/0/default.jpg
4 E 12/11|Artassenx|1899-1904|Naissances, Mariages, Décès|38|https://archives.landes.fr/_recherche-images/download/440967/image/69261/0/full/max/0/default.jpg
4 E 398/5|Artassenx|1903-1912|Tables|4|https://archives.landes.fr/_recherche-images/download/422133/image/57299/0/full/max/0/default.jpg
4 E 12/12|Artassenx|1905-1927|Publications de mariage|66|https://archives.landes.fr/_recherche-images/download/422925/image/58099/0/full/max/0/default.jpg
4 E 398/5|Artassenx|1913-1922|Tables|4|https://archives.landes.fr/_recherche-images/download/422599/image/57771/0/full/max/0/default.jpg
4 E 410/7|Artassenx|1923-1932|Tables|4|https://archives.landes.fr/_recherche-images/download/424461/image/59628/0/full/max/0/default.jpg
4 E 402/15|Artassenx|1933-1942|Tables|4|https://archives.landes.fr/_recherche-images/download/424360/image/59529/0/full/max/0/default.jpg
E dépôt 13 / GG 3|Arthez-d'Armagnac|1701,1702,1717|Baptêmes, Mariages, Sépultures|12|https://archives.landes.fr/_recherche-images/download/436131/image/64300/0/full/max/0/default.jpg
4 E 13/1|Arthez-d'Armagnac|1751-1766|Baptêmes, Mariages, Sépultures|114|https://archives.landes.fr/_recherche-images/download/436106/image/64275/0/full/max/0/default.jpg
4 E 13/1|Arthez-d'Armagnac|1751-1766|Baptêmes, Mariages, Sépultures|79|https://archives.landes.fr/_recherche-images/download/436107/image/64276/0/full/max/0/default.jpg
4 E 13/2|Arthez-d'Armagnac|1768-1791|Baptêmes, Mariages, Sépultures|169|https://archives.landes.fr/_recherche-images/download/436115/image/64284/0/full/max/0/default.jpg
E dépôt 13 / GG 2|Arthez-d'Armagnac|1768-1791|Baptêmes, Mariages, Sépultures|150|https://archives.landes.fr/_recherche-images/download/436130/image/64299/0/full/max/0/default.jpg
E dépôt 13 / E 1-13|Arthez-d'Armagnac|1796-1802|Naissances, Mariages, Décès|96|https://archives.landes.fr/_recherche-images/download/436129/image/64298/0/full/max/0/default.jpg
4 E 13/3|Arthez-d'Armagnac|1802-1831|Naissances|155|https://archives.landes.fr/_recherche-images/download/436116/image/64285/0/full/max/0/default.jpg
4 E 418/1|Arthez-d'Armagnac|1802-1832|Tables|21|https://archives.landes.fr/_recherche-images/download/436123/image/64292/0/full/max/0/default.jpg
4 E 13/5|Arthez-d'Armagnac|1803-1831|Mariages|98|https://archives.landes.fr/_recherche-images/download/436118/image/64287/0/full/max/0/default.jpg
4 E 13/6|Arthez-d'Armagnac|1803-1831|Décès|141|https://archives.landes.fr/_recherche-images/download/436119/image/64288/0/full/max/0/default.jpg
4 E 13/4|Arthez-d'Armagnac|1807-1831|Publications de mariage|116|https://archives.landes.fr/_recherche-images/download/436117/image/64286/0/full/max/0/default.jpg
4 E 13/7|Arthez-d'Armagnac|1832-1870|Naissances|173|https://archives.landes.fr/_recherche-images/download/436120/image/64289/0/full/max/0/default.jpg
4 E 13/8|Arthez-d'Armagnac|1832-1869|Publications de mariage|202|https://archives.landes.fr/_recherche-images/download/436121/image/64290/0/full/max/0/default.jpg
4 E 13/9|Arthez-d'Armagnac|1832-1870|Mariages|215|https://archives.landes.fr/_recherche-images/download/436122/image/64291/0/full/max/0/default.jpg
4 E 13/10|Arthez-d'Armagnac|1832-1870|Décès|164|https://archives.landes.fr/_recherche-images/download/436108/image/64277/0/full/max/0/default.jpg
4 E 418/2|Arthez-d'Armagnac|1833-1842|Tables|8|https://archives.landes.fr/_recherche-images/download/436124/image/64293/0/full/max/0/default.jpg
4 E 418/2|Arthez-d'Armagnac|1843-1852|Tables|7|https://archives.landes.fr/_recherche-images/download/436125/image/64294/0/full/max/0/default.jpg
4 E 418/3|Arthez-d'Armagnac|1853-1862|Tables|10|https://archives.landes.fr/_recherche-images/download/436126/image/64295/0/full/max/0/default.jpg
4 E 418/3|Arthez-d'Armagnac|1863-1872|Tables|9|https://archives.landes.fr/_recherche-images/download/436127/image/64296/0/full/max/0/default.jpg
4 E 13/11|Arthez-d'Armagnac|1871-1884|Publications de mariage|72|https://archives.landes.fr/_recherche-images/download/436109/image/64278/0/full/max/0/default.jpg
4 E 13/12|Arthez-d'Armagnac|1871-1884|Naissances, Mariages, Décès|163|https://archives.landes.fr/_recherche-images/download/436110/image/64279/0/full/max/0/default.jpg
4 E 418/4|Arthez-d'Armagnac|1873-1892|Tables|15|https://archives.landes.fr/_recherche-images/download/436128/image/64297/0/full/max/0/default.jpg
4 E 13/13|Arthez-d'Armagnac|1885-1898|Décès|43|https://archives.landes.fr/_recherche-images/download/436111/image/64280/0/full/max/0/default.jpg
4 E 13/13|Arthez-d'Armagnac|1885-1898|Naissances|42|https://archives.landes.fr/_recherche-images/download/436112/image/64281/0/full/max/0/default.jpg
4 E 13/14|Arthez-d'Armagnac|1885-1898|Publications de mariage|61|https://archives.landes.fr/_recherche-images/download/436113/image/64282/0/full/max/0/default.jpg
4 E 13/15|Arthez-d'Armagnac|1885-1898|Mariages|58|https://archives.landes.fr/_recherche-images/download/436114/image/64283/0/full/max/0/default.jpg
4 E 418/4|Arthez-d'Armagnac|1893-1903|Tables|6|https://archives.landes.fr/_recherche-images/download/422872/image/58046/0/full/max/0/default.jpg
4 E 13/13|Arthez-d'Armagnac|1899-1904|Naissances, Décès|40|https://archives.landes.fr/_recherche-images/download/440969/image/69263/0/full/max/0/default.jpg
4 E 13/14|Arthez-d'Armagnac|1899-1904|Publications de mariage|18|https://archives.landes.fr/_recherche-images/download/440968/image/69262/0/full/max/0/default.jpg
4 E 13/15|Arthez-d'Armagnac|1899-1904|Mariages|20|https://archives.landes.fr/_recherche-images/download/440970/image/69264/0/full/max/0/default.jpg
4 E 418/5|Arthez-d'Armagnac|1903-1912|Tables|5|https://archives.landes.fr/_recherche-images/download/422403/image/57569/0/full/max/0/default.jpg
4 E 13/17|Arthez-d'Armagnac|1905-1927|Publications de mariage|68|https://archives.landes.fr/_recherche-images/download/422928/image/58102/0/full/max/0/default.jpg
4 E 13/18|Arthez-d'Armagnac|1905-1927|Mariages|74|https://archives.landes.fr/_recherche-images/download/422929/image/58103/0/full/max/0/default.jpg
4 E 13/19|Arthez-d'Armagnac|1905-1927|Décès|66|https://archives.landes.fr/_recherche-images/download/422930/image/58104/0/full/max/0/default.jpg
4 E 418/5|Arthez-d'Armagnac|1913-1922|Tables|5|https://archives.landes.fr/_recherche-images/download/422838/image/58010/0/full/max/0/default.jpg
4 E 410/7|Arthez-d'Armagnac|1923-1932|Tables|4|https://archives.landes.fr/_recherche-images/download/424483/image/59650/0/full/max/0/default.jpg
4 E 402/15|Arthez-d'Armagnac|1933-1942|Tables|4|https://archives.landes.fr/_recherche-images/download/424401/image/59568/0/full/max/0/default.jpg
4 E 14/1|Arue|1752-1784|Baptêmes, Mariages, Sépultures|162|https://archives.landes.fr/_recherche-images/download/436132/image/64301/0/full/max/0/default.jpg
E dépôt 14 / GG 1|Arue|1752-1764|Baptêmes, Mariages, Sépultures|92|https://archives.landes.fr/_recherche-images/download/436158/image/64327/0/full/max/0/default.jpg
E dépôt 14 / GG 2|Arue|1765-1779|Baptêmes, Mariages, Sépultures|106|https://archives.landes.fr/_recherche-images/download/436159/image/64328/0/full/max/0/default.jpg
4 E 14/2|Arue|1768-1791|Baptêmes, Mariages, Sépultures|187|https://archives.landes.fr/_recherche-images/download/436143/image/64312/0/full/max/0/default.jpg
E dépôt 14 / GG 3|Arue|1780-1792|Baptêmes, Mariages, Sépultures|78|https://archives.landes.fr/_recherche-images/download/436160/image/64329/0/full/max/0/default.jpg
E dépôt 14/3|Arue|1793-1802|Naissances, Mariages|181|https://archives.landes.fr/_recherche-images/download/436161/image/64330/0/full/max/0/default.jpg
4 E 409/1|Arue|1802-1832|Tables|35|https://archives.landes.fr/_recherche-images/download/436151/image/64320/0/full/max/0/default.jpg
4 E 14/3|Arue|1803-1831|Naissances|212|https://archives.landes.fr/_recherche-images/download/436144/image/64313/0/full/max/0/default.jpg
4 E 14/5|Arue|1803-1831|Mariages|121|https://archives.landes.fr/_recherche-images/download/436146/image/64315/0/full/max/0/default.jpg
4 E 14/6|Arue|1803-1831|Décès|156|https://archives.landes.fr/_recherche-images/download/436147/image/64316/0/full/max/0/default.jpg
4 E 14/4|Arue|1823-1831|Publications de mariage|52|https://archives.landes.fr/_recherche-images/download/436145/image/64314/0/full/max/0/default.jpg
4 E 14/7|Arue|1832-1852|Naissances|174|https://archives.landes.fr/_recherche-images/download/436148/image/64317/0/full/max/0/default.jpg
4 E 14/10|Arue|1832-1852|Mariages|171|https://archives.landes.fr/_recherche-images/download/436133/image/64302/0/full/max/0/default.jpg
4 E 14/12|Arue|1832-1851|Décès|135|https://archives.landes.fr/_recherche-images/download/436135/image/64304/0/full/max/0/default.jpg
4 E 14/8|Arue|1833-1871|Naissances|137|https://archives.landes.fr/_recherche-images/download/436149/image/64318/0/full/max/0/default.jpg
4 E 14/9|Arue|1833-1871|Publications de mariage|298|https://archives.landes.fr/_recherche-images/download/436150/image/64319/0/full/max/0/default.jpg
4 E 409/2|Arue|1833-1842|Tables|12|https://archives.landes.fr/_recherche-images/download/436152/image/64321/0/full/max/0/default.jpg
4 E 409/2|Arue|1843-1852|Tables|13|https://archives.landes.fr/_recherche-images/download/436153/image/64322/0/full/max/0/default.jpg
4 E 14/13|Arue|1852-1871|Décès|122|https://archives.landes.fr/_recherche-images/download/436136/image/64305/0/full/max/0/default.jpg
4 E 14/11|Arue|1853-1871|Mariages|146|https://archives.landes.fr/_recherche-images/download/436134/image/64303/0/full/max/0/default.jpg
4 E 409/3|Arue|1853-1862|Tables|14|https://archives.landes.fr/_recherche-images/download/436154/image/64323/0/full/max/0/default.jpg
4 E 409/3|Arue|1863-1872|Tables|13|https://archives.landes.fr/_recherche-images/download/436155/image/64324/0/full/max/0/default.jpg
4 E 14/14|Arue|1872-1884|Naissances, Mariages, Décès|252|https://archives.landes.fr/_recherche-images/download/436137/image/64306/0/full/max/0/default.jpg
4 E 14/15|Arue|1872-1884|Publications de mariage|100|https://archives.landes.fr/_recherche-images/download/436138/image/64307/0/full/max/0/default.jpg
4 E 409/4|Arue|1873-1892|Tables|25|https://archives.landes.fr/_recherche-images/download/436156/image/64325/0/full/max/0/default.jpg
4 E 14/16|Arue|1885-1898|Décès|61|https://archives.landes.fr/_recherche-images/download/436139/image/64308/0/full/max/0/default.jpg
4 E 14/16|Arue|1885-1898|Naissances|81|https://archives.landes.fr/_recherche-images/download/436140/image/64309/0/full/max/0/default.jpg
4 E 14/17|Arue|1885-1898|Publications de mariage|93|https://archives.landes.fr/_recherche-images/download/436141/image/64310/0/full/max/0/default.jpg
4 E 14/18|Arue|1885-1898|Mariages|107|https://archives.landes.fr/_recherche-images/download/436142/image/64311/0/full/max/0/default.jpg
4 E 409/5|Arue|1893-1902|Tables|10|https://archives.landes.fr/_recherche-images/download/436157/image/64326/0/full/max/0/default.jpg
4 E 14/16|Arue|1899-1904|Naissances, Décès|51|https://archives.landes.fr/_recherche-images/download/440971/image/69265/0/full/max/0/default.jpg
4 E 14/17|Arue|1899-1904|Publications de mariage|46|https://archives.landes.fr/_recherche-images/download/440972/image/69266/0/full/max/0/default.jpg
4 E 14/18|Arue|1899-1904|Mariages|46|https://archives.landes.fr/_recherche-images/download/440973/image/69267/0/full/max/0/default.jpg
4 E 409/6|Arue|1903-1912|Tables|9|https://archives.landes.fr/_recherche-images/download/422292/image/57458/0/full/max/0/default.jpg
4 E 14/21|Arue|1905-1927|Mariages|123|https://archives.landes.fr/_recherche-images/download/422933/image/58107/0/full/max/0/default.jpg
4 E 14/22|Arue|1905-1927|Décès|86|https://archives.landes.fr/_recherche-images/download/422934/image/58108/0/full/max/0/default.jpg
4 E 14/20|Arue|1906-1927|Publications de mariage|10|https://archives.landes.fr/_recherche-images/download/422932/image/58106/0/full/max/0/default.jpg
4 E 245/32|Arue|1911-1911|Naissances, Mariages, Décès|13|https://archives.landes.fr/_recherche-images/download/424072/image/59246/0/full/max/0/default.jpg
4 E 409/6|Arue|1913-1922|Tables|7|https://archives.landes.fr/_recherche-images/download/422732/image/57904/0/full/max/0/default.jpg
4 E 407/6|Arue|1923-1932|Tables|8|https://archives.landes.fr/_recherche-images/download/424448/image/59615/0/full/max/0/default.jpg
4 E 402/15|Arue|1933-1942|Tables|5|https://archives.landes.fr/_recherche-images/download/424388/image/59555/0/full/max/0/default.jpg
E dépôt 15 / GG 1|Arx|1727-1753|Baptêmes, Mariages, Sépultures|80|https://www.archives.landes.fr/_recherche-images/download/436186/image/64355/0/full/max/0/default.jpg
4 E 15/2|Arx|1743-1791|Baptêmes, Mariages, Sépultures|152|https://archives.landes.fr/_recherche-images/download/436168/image/64337/0/full/max/0/default.jpg
4 E 15/1|Arx|1751-1759|Baptêmes, Mariages, Sépultures|41|https://archives.landes.fr/_recherche-images/download/436162/image/64331/0/full/max/0/default.jpg
E dépôt 15 / GG 2|Arx|1754-1762|Baptêmes, Mariages, Sépultures|18|https://archives.landes.fr/_recherche-images/download/436187/image/64356/0/full/max/0/default.jpg
E dépôt 15 / GG 3|Arx|1763-1769|Baptêmes, Mariages, Sépultures|78|https://archives.landes.fr/_recherche-images/download/436188/image/64357/0/full/max/0/default.jpg
E dépôt 15 / GG 4|Arx|1769-1777|Baptêmes, Mariages, Sépultures|67|https://archives.landes.fr/_recherche-images/download/436189/image/64358/0/full/max/0/default.jpg
E dépôt 15 / GG 5|Arx|1778-1791|Baptêmes, Mariages, Sépultures|89|https://archives.landes.fr/_recherche-images/download/436190/image/64359/0/full/max/0/default.jpg
E dépôt 15 / E 1-3|Arx|1793-1802|Naissances, Mariages, Décès|201|https://archives.landes.fr/_recherche-images/download/436185/image/64354/0/full/max/0/default.jpg
4 E 15/3|Arx|1802-1831|Naissances|156|https://archives.landes.fr/_recherche-images/download/436169/image/64338/0/full/max/0/default.jpg
4 E 15/5|Arx|1802-1831|Mariages|97|https://archives.landes.fr/_recherche-images/download/436171/image/64340/0/full/max/0/default.jpg
4 E 15/6|Arx|1802-1831|Décès|151|https://archives.landes.fr/_recherche-images/download/436172/image/64341/0/full/max/0/default.jpg
4 E 396/1|Arx|1803-1812|Tables|8|https://archives.landes.fr/_recherche-images/download/436176/image/64345/0/full/max/0/default.jpg
4 E 15/4|Arx|1809-1831|Publications de mariage|83|https://archives.landes.fr/_recherche-images/download/436170/image/64339/0/full/max/0/default.jpg
4 E 396/2|Arx|1813-1822|Tables|18|https://archives.landes.fr/_recherche-images/download/436177/image/64346/0/full/max/0/default.jpg
4 E 15/7|Arx|1832-1862|Naissances|153|https://archives.landes.fr/_recherche-images/download/436173/image/64342/0/full/max/0/default.jpg
4 E 15/8|Arx|1832-1862|Publications de mariage|138|https://archives.landes.fr/_recherche-images/download/436174/image/64343/0/full/max/0/default.jpg
4 E 15/9|Arx|1832-1862|Mariages|208|https://archives.landes.fr/_recherche-images/download/436175/image/64344/0/full/max/0/default.jpg
4 E 15/10|Arx|1832-1862|Décès|170|https://archives.landes.fr/_recherche-images/download/436163/image/64332/0/full/max/0/default.jpg
4 E 396/3|Arx|1833-1843|Tables|7|https://archives.landes.fr/_recherche-images/download/436178/image/64347/0/full/max/0/default.jpg
4 E 396/3|Arx|1843-1853|Tables|4|https://archives.landes.fr/_recherche-images/download/436179/image/64348/0/full/max/0/default.jpg
4 E 396/3|Arx|1843-1853|Tables|18|https://archives.landes.fr/_recherche-images/download/436180/image/64349/0/full/max/0/default.jpg
4 E 396/4|Arx|1853-1863|Tables|10|https://archives.landes.fr/_recherche-images/download/436181/image/64350/0/full/max/0/default.jpg
4 E 15/11|Arx|1863-1898|Naissances|160|https://archives.landes.fr/_recherche-images/download/436164/image/64333/0/full/max/0/default.jpg
4 E 15/12|Arx|1863-1898|Publications de mariage|147|https://archives.landes.fr/_recherche-images/download/436165/image/64334/0/full/max/0/default.jpg
4 E 15/13|Arx|1863-1898|Mariages|170|https://archives.landes.fr/_recherche-images/download/436166/image/64335/0/full/max/0/default.jpg
4 E 15/14|Arx|1863-1898|Décès|126|https://archives.landes.fr/_recherche-images/download/436167/image/64336/0/full/max/0/default.jpg
4 E 396/4|Arx|1863-1873|Tables|10|https://archives.landes.fr/_recherche-images/download/436182/image/64351/0/full/max/0/default.jpg
4 E 396/5|Arx|1873-1893|Tables|16|https://archives.landes.fr/_recherche-images/download/436183/image/64352/0/full/max/0/default.jpg
4 E 396/5|Arx|1893-1902|Tables|8|https://archives.landes.fr/_recherche-images/download/436184/image/64353/0/full/max/0/default.jpg
4 E 15/11|Arx|1899-1904|Naissances|23|https://archives.landes.fr/_recherche-images/download/440974/image/69268/0/full/max/0/default.jpg
4 E 15/12|Arx|1899-1904|Publications de mariage|23|https://archives.landes.fr/_recherche-images/download/440975/image/69269/0/full/max/0/default.jpg
4 E 15/13|Arx|1899-1904|Mariages|33|https://archives.landes.fr/_recherche-images/download/440976/image/69270/0/full/max/0/default.jpg
4 E 15/14|Arx|1899-1904|Décès|17|https://archives.landes.fr/_recherche-images/download/440977/image/69271/0/full/max/0/default.jpg
4 E 396/6|Arx|1903-1912|Tables|7|https://archives.landes.fr/_recherche-images/download/422120/image/57286/0/full/max/0/default.jpg
4 E 15/16|Arx|1905-1927|Publications de mariage|87|https://archives.landes.fr/_recherche-images/download/422936/image/58110/0/full/max/0/default.jpg
4 E 15/17|Arx|1905-1927|Mariages|100|https://archives.landes.fr/_recherche-images/download/422937/image/58111/0/full/max/0/default.jpg
